NAME_2;disappearance;n_territories_without_disap;n_territories;prop_disappearance;mean_ruggedness;average_gravel_km;average_paved_km;pop_mean;mean_snow;mean_artificial_area_total;hunt_county2;mean_fi;mean_maxfi;mean_number_neighbour_terr;mean_bear_density_BZtiff;sum_wolfLKill_n;sum_wolfLKill_last5y;sum_sheepAttacks_n;sum_NoAffectedSheep_last5y;sum_AttackDogs_n;sum_AttackDogs_last5y;mean_IndividualIncome;mean_income_prop;n;mean_ruggedness_sc;average_gravel_km_sc;average_paved_km_sc;pop_mean_sc;mean_snow_sc;mean_artificial_area_total_sc;hunt_county2_sc;mean_fi_sc;mean_maxfi_sc;mean_bear_density_BZtiff_sc;mean_IndividualIncome_sc;mean_income_prop_sc
Arboga;0;1;1;0,0000000000000000;NA;NA;NA;NA;NA;NA;NA;NA;NA;NA;NA;NA;NA;NA;NA;NA;NA;NA;NA;NA;NA;NA;NA;NA;NA;NA;NA;NA;NA;NA;NA;NA
Aremark;1;2;3;0,3333333333333333;0,412000000000000;1,11000000000000;0,380000000000000;14,19100000000000;83,2365591397849;0,000000000000000000;3,40000000000000;0,327698000000000;0,398438000000000;2,000000000000000;0,00000000000000e+00;0;0;0;0;0;0;321500,000000000;1,249063373100076;1;1,5389357249833671;-0,5216275701852295;0,0774442883859482;-0,29822572762369653;0,9550248168254771;-0,64392145541856749;1,8887468581470128;1,7985899801890297;2,3411796711945274;-0,59095631070111543;0,7767490491846482;1,40984134412375450
Arvika;7;18;25;0,2800000000000000;0,395000000000000;1,26142857142857;0,327142857142857;12,05685714285714;72,6289316534276;0,001827142857142857;2,27142857142857;0,242924285714286;0,266907285714286;2,857142857142857;3,39142857142857e-05;3;13;2;42;2;14;271452,285714286;0,941171901372817;7;1,3570927242960322;0,0881858551136128;-0,1992949047050238;-0,35342755061211034;-0,1429537807837970;-0,38822923384977348;-0,7535375540230743;0,2635034608472039;-0,0994378502300784;-0,55063858501692042;-0,1470764151790684;-0,36826865765734035
Askersund;1;3;4;0,2500000000000000;0,219000000000000;1,38000000000000;0,380000000000000;15,95000000000000;52,9583333333333;0,004200000000000000;2,70000000000000;NA;NA;0,000000000000000;0,00000000000000e+00;0;0;1;4;0;0;266059,000000000;0,962352080058697;1;-0,5255171651728511;0,5656812730362918;0,0774442883859482;-0,25272736451663863;-2,1790260302486320;-0,05616920255519430;0,2498615898389847;NA;NA;-0,59095631070111543;-0,2466305057215894;-0,24595059749932938
Aurskog-Høland;5;7;12;0,4166666666666667;0,322200000000000;1,41400000000000;0,510000000000000;44,70540000000000;77,0678673899630;0,000666000000000000;2,80000000000000;0,226238800000000;0,233542600000000;2,000000000000000;1,96000000000000e-06;0;0;0;0;0;0;348300,000000000;1,284745203037555;5;0,5783768154702666;0,7026016458864095;0,7580731146367169;0,49106094161678571;0,3165133753872860;-0,55072074103594693;0,4839880567401308;-0,0386381216525836;-0,7185361117526742;-0,58862623826477534;1,2714474145006989;1,61590817130072328
Bengtsfors;0;2;2;0,0000000000000000;0,447000000000000;1,18000000000000;0,350000000000000;14,25000000000000;66,5156250000000;0,000590000000000000;2,50000000000000;0,193729500000000;0,218197000000000;3,000000000000000;0,00000000000000e+00;0;0;0;0;0;2;261258,000000000;0,859733287048141;1;1,9133183734572929;-0,2397326849055763;-0,0796239022873063;-0,29669963130572247;-0,7757323992560908;-0,56135625799252220;-0,2183913439633097;-0,6273180987389353;-1,0032813170088222;-0,59095631070111543;-0,3352516569112297;-0,83858637659102608
Berg;0;4;4;0,0000000000000000;NA;NA;NA;NA;NA;NA;NA;NA;NA;NA;NA;NA;NA;NA;NA;NA;NA;NA;NA;NA;NA;NA;NA;NA;NA;NA;NA;NA;NA;NA;NA;NA
Bollnäs;1;21;22;0,0454545454545455;0,205000000000000;1,24500000000000;0,225000000000000;15,18650000000000;79,4217171717172;0,000560000000000000;3,05000000000000;0,251732250000000;0,320557000000000;3,500000000000000;2,53907000000000e-03;0;2;0;114;1;4;253391,000000000;0,908189026073175;2;-0,6752702245624211;0,0220268514255316;-0,7340746967591992;-0,27247608551279484;0,5601566109437146;-0,56555448837011779;1,0693042239929982;0,4229985042314566;0,8960591590898166;2,42752176120614438;-0,4804677778045645;-0,55874869963052043
Borlänge;0;3;3;0,0000000000000000;0,207000000000000;1,54000000000000;0,490000000000000;35,92500000000000;71,2395833333333;0,018759999999999999;2,40000000000000;0,104194500000000;0,141052000000000;1,000000000000000;1,29986000000000e-03;0;0;0;3;0;2;288749,000000000;0,970133344655021;1;-0,6538769303639114;1,2100124393897869;0,6533609875212139;0,26394677025509644;-0,2867630088180491;1,98137194070449940;-0,4525178108644569;-2,2486222101294135;-2,4347449847367382;0,95433346333007318;0,1722018043165147;-0,20101286561734333
Bräcke;0;1;1;0,0000000000000000;NA;NA;NA;NA;NA;NA;NA;NA;NA;NA;NA;NA;NA;NA;NA;NA;NA;NA;NA;NA;NA;NA;NA;NA;NA;NA;NA;NA;NA;NA;NA;NA
Dals-Ed;1;5;6;0,1666666666666667;0,398000000000000;1,19000000000000;0,380000000000000;17,94300000000000;59,7788306451613;0,001640000000000000;3,20000000000000;0,234375000000000;0,234375000000000;0,000000000000000;0,00000000000000e+00;0;0;3;37;1;1;217020,000000000;0,930086719784871;1;1,3891826655937973;-0,1994619870084828;0,0774442883859482;-0,20117634821625971;-1,4730472349836026;-0,41441819477667891;1,4204939243447194;0,1086925815483454;-0,7030905176504421;-0,59095631070111543;-1,1518362197788212;-0,43228690454969820
Degerfors;0;8;8;0,0000000000000000;0,176500000000000;1,39500000000000;0,355000000000000;22,76650000000000;68,3959770114943;0,004325000000000001;2,85000000000000;0,294078750000000;0,372703500000000;2,500000000000000;0,00000000000000e+00;0;1;0;5;0;6;254860,500000000;0,918087092485282;2;-0,9801246668911894;0,6260873198819323;-0,0534458705084305;-0,07641150771205625;-0,5811001624767027;-0,03867657598187949;0,6010512901907049;1,1898109748071746;1,8636632831312161;-0,59095631070111543;-0,4533424327362086;-0,50158618458284554
Eda;1;6;7;0,1428571428571428;0,323500000000000;1,37500000000000;0,480000000000000;10,77850000000000;71,4889112903226;0,001590000000000000;2,45000000000000;0,203630750000000;0,268253500000000;3,500000000000000;2,13700000000000e-05;0;2;0;16;0;2;251289,000000000;0,863546484183420;2;0,5922824566992984;0,5455459240877455;0,6010049239634624;-0,38649358669296041;-0,2609554697701355;-0,42141524540600472;-0,3354545774138827;-0,4480257847510543;-0,0744581776786982;-0,56555138827020246;-0,5192683734722636;-0,81656470795900593
Eidskog;3;1;4;0,7500000000000000;0,311333333333333;1,69666666666667;0,520000000000000;15,30766666666667;80,2343750000000;0,000596666666666667;2,56666666666667;0,171254666666667;0,227529000000000;1,666666666666667;5,14000000000000e-06;0;0;0;0;0;0;318300,000000000;1,158659856887271;3;0,4621399169916958;1,8409200397775840;0,8104291781944684;-0,26934198375243557;0,6442735262277142;-0,56042331790861211;-0,0623070326958779;-1,0342934679928484;-0,8301214369487154;-0,58484581461806007;0,7176805876543735;0,88775024665885349
Elverum;2;11;13;0,1538461538461539;0,184000000000000;1,23500000000000;0,500000000000000;23,45400000000000;83,5546875000000;0,005560000000000000;1,80000000000000;0,258027750000000;0,301788000000000;4,000000000000000;2,78000000000000e-04;2;2;0;0;0;0;433800,000000000;1,427524898458549;2;-0,8998998136467767;-0,0182438464715628;0,7057170510789654;-0,05862860570176500;0,9879537758465167;0,13415057456246943;-1,8572766122713382;0,5369977227857513;0,5477910719865017;-0,26046644473041819;2,8496828710127264;2,44047795576108451
Enebakk;1;6;7;0,1428571428571428;0,400500000000000;1,16500000000000;1,570000000000000;301,23349999999999;77,2265625000000;0,034095000000000000;2,10000000000000;0,308655750000000;0,340027000000000;0,500000000000000;9,20000000000000e-07;0;0;0;0;0;0;436600,000000000;1,515406735808198;2;1,4159242833419348;-0,3001387317512160;6,3078158517583693;7,12642685461489034;0,3329396530436225;4,12736736871874399;-1,1548972115678973;1,4537719959915048;1,2573346482422256;-0,58986260323099660;2,9013677748517166;2,94800605678212957
Falun;5;21;26;0,1923076923076923;0,180400000000000;1,28600000000000;0,240000000000000;18,73940000000000;79,6907981019876;0,001142000000000000;2,28000000000000;0,244726700000000;0,279736400000000;2,200000000000000;1,72717400000000e-03;0;0;10;233;8;38;274074,200000000;1,033480595452013;5;-0,9384077432040947;0,1871367128036143;-0,6555406014225719;-0,18057663452753836;0,5880087487418879;-0,48410881904476460;-0,7334695711458334;0,2961416659274240;0,1386127167428834;1,46232967407612580;-0,0986787767036336;0,16482506940427402
Filipstad;6;27;33;0,1818181818181818;0,347714285714286;1,08000000000000;0,278571428571429;17,22600000000000;81,5998140102000;0,001061428571428571;2,87142857142857;0,237759214285714;0,288007714285714;3,000000000000000;6,73200000000000e-05;9;34;3;198;3;25;235270,285714286;0,854267418477075;7;0,8512941257455445;-0,6424396638765099;-0,4535957848426735;-0,21972229838553808;0,7856079397399344;-0,49538406634459253;0,6512212473838077;0,1699740975505228;0,2920910482531424;-0,51092545538763579;-0,8149561261441938;-0,87015242004169879
Finspång;0;2;2;0,0000000000000000;NA;NA;NA;NA;NA;NA;NA;NA;NA;NA;NA;NA;NA;NA;NA;NA;NA;NA;NA;NA;NA;NA;NA;NA;NA;NA;NA;NA;NA;NA;NA;NA
Flen;0;2;2;0,0000000000000000;NA;NA;NA;NA;NA;NA;NA;NA;NA;NA;NA;NA;NA;NA;NA;NA;NA;NA;NA;NA;NA;NA;NA;NA;NA;NA;NA;NA;NA;NA;NA;NA
Forshaga;3;13;16;0,1875000000000000;0,385333333333333;1,17333333333333;0,340000000000000;27,23633333333333;73,0310512504379;0,001440000000000000;2,60000000000000;0,188436000000000;0,188436000000000;3,333333333333333;8,36000000000000e-06;0;6;1;4;4;9;282827,333333333;0,959458918512295;3;1,2536918023365671;-0,2665798168369716;-0,1319799658450575;0,03920537689739861;-0,1013310228424537;-0,44240639729398235;0,0157351229378375;-0,7231730528199702;-1,5555114060003379;-0,58101783847264410;0,0628943856617924;-0,26265895078227464
Färgelanda;1;6;7;0,1428571428571428;0,295000000000000;1,26000000000000;0,520000000000000;22,54000000000000;46,1122334455668;0,001340000000000000;3,40000000000000;0,276367500000000;0,279175000000000;0,000000000000000;0,00000000000000e+00;0;1;0;35;1;6;238500,000000000;0,899525095193382;1;0,2874280143705301;0,0824328982711713;0,8104291781944684;-0,08227016561071952;-2,8876549073024775;-0,45640049855263409;1,8887468581470128;0,8690948029987797;0,1281956618065631;-0,59095631070111543;-0,7553391717568522;-0,60878393466212244
Gagnef;1;5;6;0,1666666666666667;0,243000000000000;1,34000000000000;0,310000000000000;26,25000000000000;71,4807449494949;0,003170000000000000;1,90000000000000;0,136780000000000;0,273560000000000;2,000000000000000;3,82060000000000e-04;0;0;0;0;0;2;262301,000000000;0,989292796621884;1;-0,2687976347907307;0,4045984814479189;-0,2890481565183119;0,01369284014663406;-0,2618007546805562;-0,20030844551930721;-1,6231501453701918;-1,6585623997567722;0,0240065569482803;-0,13675861936023570;-0,3159990302312058;-0,09036474347285578
Gnesta;0;3;3;0,0000000000000000;NA;NA;NA;NA;NA;NA;NA;NA;NA;NA;NA;NA;NA;NA;NA;NA;NA;NA;NA;NA;NA;NA;NA;NA;NA;NA;NA;NA;NA;NA;NA;NA
Grue;0;11;11;0,0000000000000000;0,183000000000000;2,05000000000000;0,420000000000000;8,38800000000000;82,9322916666667;0,000630000000000000;2,80000000000000;0,197265500000000;0,269531000000000;2,000000000000000;1,74700000000000e-04;0;0;0;0;0;0;232600,000000000;0,955866275423923;1;-0,9105964607460317;3,2638180321415500;0,2868685426169538;-0,44832635361019862;0,9235305761140543;-0,55575861748906141;0,4839880567401308;-0,5632880396796094;-0,0507535327176187;-0,38327077262528525;-0,8642466477032962;-0,28340689346619302
Grums;0;1;1;0,0000000000000000;NA;NA;NA;NA;NA;NA;NA;NA;NA;NA;NA;NA;NA;NA;NA;NA;NA;NA;NA;NA;NA;NA;NA;NA;NA;NA;NA;NA;NA;NA;NA;NA
Gävle;1;5;6;0,1666666666666667;0,035000000000000;1,30000000000000;0,320000000000000;39,70000000000000;70,8642857142857;0,029389999999999999;2,90000000000000;0,180618500000000;0,222382000000000;0,000000000000000;2,63780000000000e-04;0;0;0;0;0;1;294343,000000000;1,004238013057401;1;-2,4937002314357741;0,2435156898595451;-0,2366920929605604;0,36159106856615042;-0,3256094666124951;3,46894490449917958;0,7181145236412780;-0,8647327210033072;-0,9256265701108854;-0,27737135801855961;0,2754608586291262;-0,00405433456904659
Hagfors;4;34;38;0,1052631578947368;0,368400000000000;1,07200000000000;0,302000000000000;8,73160000000000;77,8707266210492;0,001538000000000000;3,04000000000000;0,242528700000000;0,275510200000000;4,000000000000000;1,53104000000000e-04;1;5;1;11;5;27;244903,800000000;0,910224173231003;5;1,0725619114558487;-0,6746562221941846;-0,3309330073645131;-0,43943878251094615;0,3996160535082371;-0,42869217806050364;1,0458915773028841;0,2563401755958634;0,0601934834477683;-0,40894436667385781;-0,6371321048982358;-0,54699548186151503
Halden;2;6;8;0,2500000000000000;0,393333333333333;1,22000000000000;0,406666666666667;19,19900000000000;68,6909335756527;0,001940000000000000;2,90000000000000;0,224987333333333;0,263664666666667;0,000000000000000;0,00000000000000e+00;0;0;0;0;0;0;331200,000000000;1,218932015369436;3;1,3392649791306073;-0,0786498933172025;0,2170604578732854;-0,16868860287091314;-0,5505696790969976;-0,37243589100072366;0,7181145236412780;-0,0612997405941691;-0,1596062520052966;-0,59095631070111543;0,9558003231982933;1,23582915649305924
Hamar;0;1;1;0,0000000000000000;NA;NA;NA;NA;NA;NA;NA;NA;NA;NA;NA;NA;NA;NA;NA;NA;NA;NA;NA;NA;NA;NA;NA;NA;NA;NA;NA;NA;NA;NA;NA;NA
Heby;0;1;1;0,0000000000000000;NA;NA;NA;NA;NA;NA;NA;NA;NA;NA;NA;NA;NA;NA;NA;NA;NA;NA;NA;NA;NA;NA;NA;NA;NA;NA;NA;NA;NA;NA;NA;NA
Hedemora;1;2;3;0,3333333333333333;0,230000000000000;1,47000000000000;0,330000000000000;25,16000000000000;64,3177083333333;0,007350000000000000;2,50000000000000;0,140884500000000;0,142761000000000;3,000000000000000;1,13187000000000e-03;0;0;0;9;0;0;265096,000000000;0,925823179779915;1;-0,4078540470810457;0,9281175541101327;-0,1843360294028089;-0,01450114267695499;-1,0032352468468937;0,38464498709233558;-0,2183913439633097;-1,5842379151954029;-2,4030336436498629;0,75462485691130565;-0,2644064208633565;-0,45690935701087526
Hofors;0;1;1;0,0000000000000000;NA;NA;NA;NA;NA;NA;NA;NA;NA;NA;NA;NA;NA;NA;NA;NA;NA;NA;NA;NA;NA;NA;NA;NA;NA;NA;NA;NA;NA;NA;NA;NA
Hällefors;7;24;31;0,2258064516129032;0,284428571428571;1,21000000000000;0,314285714285714;14,15571428571429;74,7489491691105;0,001057142857142857;3,15714285714286;0,239713357142857;0,270930714285714;3,142857142857143;2,59171428571429e-05;3;9;1;7;1;9;235743,571428571;0,887527765031991;7;0,1743491736069771;-0,1189205912142959;-0,2666098435649899;-0,29913842929570528;0,0764858499696680;-0,49598381354139187;1,3201540099585130;0,2053598109422695;-0,0247811411796095;-0,56014568815003429;-0,8062197952044706;-0,67806994844797219
Härjedalen;1;13;14;0,0714285714285714;0,216000000000000;0,71000000000000;0,070000000000000;3,34000000000000;80,0000000000000;0,000000000000000000;2,30000000000000;0,197594000000000;0,243027000000000;0,000000000000000;2,58794000000000e-03;2;11;0;0;0;2;265499,000000000;0,905828194415111;1;-0,5576071064706162;-2,1324554860689666;-1,5455936819043463;-0,57889811993448992;0,6200137439016811;-0,64392145541856749;-0,6866442777656040;-0,5573395457879274;-0,5425483742428081;2,48561902649387090;-0,2569674864893875;-0,57238278426487632
Karlskoga;1;8;9;0,1111111111111111;0,199000000000000;1,31000000000000;0,510000000000000;38,36700000000000;75,4531250000000;0,015190000000000000;2,90000000000000;0,279693500000000;0,297363000000000;3,000000000000000;9,91000000000000e-06;0;0;0;0;0;1;263756,000000000;0,970216217520292;1;-0,7394501071579512;0,2837863877566385;0,7580731146367169;0,32711163819565098;0,1493739667766386;1,48178252577063230;0,7181145236412780;0,9293221718990391;0,4656830062700450;-0,57917517914798733;-0,2891413391291590;-0,20053426492799092
Karlstad;1;7;8;0,1250000000000000;0,292000000000000;1,15000000000000;0,410000000000000;31,42500000000000;61,3095238095238;0,002660000000000000;1,90000000000000;0,303146500000000;0,319611000000000;4,000000000000000;0,00000000000000e+00;0;0;0;51;0;2;289679,000000000;1,011677026041381;1;0,2553380730727650;-0,3605447785968566;0,2345124790592023;0,14754959346046284;-1,3146076276219762;-0,27167836193843109;-1,6231501453701918;1,3540102304732380;0,8785056607468182;-0,59095631070111543;0,1893685759487508;0,03890685339757344
Kil;0;2;2;0,0000000000000000;NA;NA;NA;NA;NA;NA;NA;NA;NA;NA;NA;NA;NA;NA;NA;NA;NA;NA;NA;NA;NA;NA;NA;NA;NA;NA;NA;NA;NA;NA;NA;NA
Kongsvinger;1;12;13;0,0769230769230769;0,332000000000000;1,94000000000000;0,510000000000000;8,59000000000000;83,0885416666667;0,000440000000000000;1,90000000000000;0,230072000000000;0,261963000000000;3,000000000000000;1,24940000000000e-04;0;0;0;0;0;0;415900,000000000;1,380869471962327;1;0,6832039570429661;2,8208403552735231;0,7580731146367169;-0,44310141367408395;0,9397037643314098;-0,58234740988049971;-1,6231501453701918;0,0307736493842394;-0,1911815194616060;-0,44242608100910497;2,5192686643277522;2,17103729855514693
Kristinehamn;2;3;5;0,4000000000000000;0,211000000000000;1,48000000000000;0,395000000000000;33,64300000000000;69,2282430213465;0,011535000000000000;2,20000000000000;0,170430250000000;0,229669500000000;2,500000000000000;0,00000000000000e+00;0;2;1;52;0;1;263767,000000000;0,897908445404027;2;-0,6110903419668913;0,9683882520072262;0,1559783837225754;0,20492046860057339;-0,4949536356015214;0,97029812476691113;-0,9207707446667501;-1,0492220448752461;-0,7904033997360433;-0,59095631070111543;-0,2889382912926487;-0,61812028017277665
Köping;3;11;14;0,2142857142857143;0,227750000000000;1,19250000000000;0,397500000000000;34,53125000000000;62,8968623715238;0,002617500000000000;2,55000000000000;0,254572500000000;0,261917000000000;2,000000000000000;2,83000000000000e-06;0;1;0;16;0;2;252468,250000000;0,959055612307047;4;-0,4319215030543695;-0,1893943125342097;0,1690673996120130;0,22789597799786968;-1,1503047455234665;-0,27762585497335807;-0,1013281105127366;0,4744298886328280;-0,1920350722351555;-0,58759197141803243;-0,4975007224536460;-0,26498809225965619
Laxå;1;7;8;0,1250000000000000;0,203000000000000;1,41000000000000;0,390000000000000;16,65000000000000;56,6236559139785;0,003150000000000000;2,30000000000000;NA;NA;0,000000000000000;0,00000000000000e+00;0;0;0;0;0;0;266519,000000000;0,877045893066561;1;-0,6966635187609311;0,6864933667275721;0,1298003519436997;-0,23462113701525120;-1,7996343376144066;-0,20310726577103758;-0,6866442777656040;NA;NA;-0,59095631070111543;-0,2381394143766124;-0,73860401025410816
Lekeberg;0;1;1;0,0000000000000000;NA;NA;NA;NA;NA;NA;NA;NA;NA;NA;NA;NA;NA;NA;NA;NA;NA;NA;NA;NA;NA;NA;NA;NA;NA;NA;NA;NA;NA;NA;NA;NA
Leksand;7;15;22;0,3181818181818182;0,223285714285714;1,16428571428571;0,327142857142857;19,69642857142857;78,2783135981665;0,004977142857142857;2,34285714285714;0,280385714285714;0,351039285714286;1,857142857142857;1,45101714285714e-03;8;24;14;316;2;22;260617,428571429;0,970921248203330;7;-0,4796743918903296;-0,3030152101724368;-0,1992949047050238;-0,15582209589951895;0,4418047312417512;0,05258495579775641;-0,5863043633793975;0,9418568216716625;1,4616730616019915;1,13403095931342124;-0,3470758971568434;-0,19646262857495925
Lilla Edet;0;1;1;0,0000000000000000;NA;NA;NA;NA;NA;NA;NA;NA;NA;NA;NA;NA;NA;NA;NA;NA;NA;NA;NA;NA;NA;NA;NA;NA;NA;NA;NA;NA;NA;NA;NA;NA
Lindesberg;0;15;15;0,0000000000000000;NA;NA;NA;NA;NA;NA;NA;NA;NA;NA;NA;NA;NA;NA;NA;NA;NA;NA;NA;NA;NA;NA;NA;NA;NA;NA;NA;NA;NA;NA;NA;NA
Linköping;0;1;1;0,0000000000000000;NA;NA;NA;NA;NA;NA;NA;NA;NA;NA;NA;NA;NA;NA;NA;NA;NA;NA;NA;NA;NA;NA;NA;NA;NA;NA;NA;NA;NA;NA;NA;NA
Ljusdal;4;35;39;0,1025641025641026;0,187000000000000;1,09000000000000;0,253333333333333;3,55000000000000;85,6545138888889;0,000876666666666667;2,83333333333333;0,286133000000000;0,292969000000000;1,333333333333333;2,91026000000000e-03;0;0;0;21;4;16;233242,666666667;0,904408616472308;3;-0,8678098723490116;-0,6021689659794173;-0,5857325166789032;-0,57346625168407372;1,2053034552786441;-0,52123983438438715;0,5620302123738472;1,0459289494195503;0,3841501609009806;2,86879706102507637;-0,8523837316792995;-0,58058101633751147
Ljusnarsberg;1;3;4;0,2500000000000000;0,241000000000000;1,34000000000000;0,380000000000000;12,54000000000000;65,8125000000000;0,005920000000000000;2,30000000000000;0,312027000000000;0,336578000000000;6,000000000000000;3,91000000000000e-05;0;2;0;2;0;0;237017,000000000;0,808653445608783;1;-0,2901909289892408;0,4045984814479189;0,0774442883859482;-0,34093055848768328;-0,8485117462341902;0,18452933909361569;-0,6866442777656040;1,5148187540808011;1,1933367457210819;-0,54447374322106412;-0,7827137118972889;-1,13357855822953502
Ludvika;3;22;25;0,1200000000000000;0,290333333333333;1,22333333333333;0,260000000000000;17,47166666666667;74,9305783081089;0,002293333333333333;3,13333333333333;0,175781333333333;0,268229333333333;1,000000000000000;1,59420000000000e-04;7;11;0;38;1;5;240429,000000000;0,973513697099982;3;0,2375103279073402;-0,0652263273515044;-0,5508284743070690;-0,21336787473386062;0,0952859923746476;-0,32299006655348750;1,2644096130772877;-0,9523243690085302;-0,0749066021430629;-0,40143582712899839;-0,7197319647906334;-0,18149092673995193
Lørenskog;0;1;1;0,0000000000000000;NA;NA;NA;NA;NA;NA;NA;NA;NA;NA;NA;NA;NA;NA;NA;NA;NA;NA;NA;NA;NA;NA;NA;NA;NA;NA;NA;NA;NA;NA;NA;NA
Malung;9;12;21;0,4285714285714285;0,229500000000000;0,79100000000000;0,235000000000000;3,85080000000000;80,4829744012708;0,004649000000000000;2,61000000000000;0,235246500000000;0,258191400000000;1,100000000000000;7,09895000000000e-04;0;0;5;783;10;82;255736,600000000;0,932246260961211;10;-0,4132023706306733;-1,8062628331025097;-0,6817186332014475;-0,56568574706633468;0,6700056536355475;0,00666431209615211;0,0391477696279517;0,1244737457084705;-0,2611654246946424;0,25297571592934531;-0,4371705955028730;-0,41981529647504928
Marker;0;2;2;0,0000000000000000;NA;NA;NA;NA;NA;NA;NA;NA;NA;NA;NA;NA;NA;NA;NA;NA;NA;NA;NA;NA;NA;NA;NA;NA;NA;NA;NA;NA;NA;NA;NA;NA
Mellerud;0;4;4;0,0000000000000000;NA;NA;NA;NA;NA;NA;NA;NA;NA;NA;NA;NA;NA;NA;NA;NA;NA;NA;NA;NA;NA;NA;NA;NA;NA;NA;NA;NA;NA;NA;NA;NA
Mora;2;15;17;0,1176470588235294;0,279333333333333;1,15333333333333;0,196666666666667;5,79433333333333;80,9727062289562;0,000193333333333333;2,23333333333333;0,233490166666667;0,258219333333333;0,666666666666667;1,94608000000000e-03;0;2;1;5;2;8;266825,333333333;0,972181703748071;3;0,1198472098155349;-0,3471212126311585;-0,8824168768394948;-0,51541423750938709;0,7206970137967377;-0,61686619298517409;-0,8427285890330347;0,0926699767432002;-0,2606471078654867;1,72256785609116658;-0,2324848397780375;-0,18918334734534037
Munkedal;0;3;3;0,0000000000000000;0,343000000000000;1,26000000000000;0,380000000000000;17,51600000000000;49,9741421568627;0,000000000000000000;3,30000000000000;0,076080500000000;0,152161000000000;1,000000000000000;0,00000000000000e+00;0;0;1;69;1;2;254131,000000000;0,919207756390111;1;0,8008670751347714;0,0824328982711713;0,0774442883859482;-0,21222114699210615;-2,4879148979198660;-0,64392145541856749;1,6546203912458657;-2,7577118821865074;-2,2286119899245094;-0,59095631070111543;-0,4668081960756884;-0,49511421676043604
Nesodden;1;3;4;0,2500000000000000;0,293000000000000;1,66000000000000;0,450000000000000;18,64200000000000;83,3593750000000;0,001290000000000000;1,90000000000000;0,197695000000000;0,256382000000000;3,000000000000000;2,04000000000000e-05;0;0;0;0;0;0;503300,000000000;1,671054593023898;1;0,2660347201720201;1,6932608141549075;0,4439367332902083;-0,18309598675416000;0,9677372905748224;-0,46339754918196002;-1,6231501453701918;-0,5555106329019001;-0,2947397374872656;-0,56670453636369733;4,1325760198733805;3,84689101166062741
Nora;3;13;16;0,1875000000000000;0,221333333333333;1,24333333333333;0,423333333333333;34,60333333333333;64,1744250298686;0,005250000000000000;2,83333333333333;0,201723833333333;0,288421666666667;2,666666666666667;1,17666666666667e-06;0;5;2;60;2;6;263936,333333333;0,967167765488666;3;-0,5005583219412560;0,0153150684426825;0,3043205638028711;0,22976048832985776;-1,0180662729930634;0,09076886066064908;0,5620302123738462;-0,4825563240010198;0,2997721396200850;-0,58955747469766639;-0,2858125852033387;-0,21813943929990945
Norrtälje;1;3;4;0,2500000000000000;0,257000000000000;1,24000000000000;0,460000000000000;81,33300000000000;63,0333333333333;0,018339999999999999;2,20000000000000;0,152161000000000;0,152161000000000;0,000000000000000;0,00000000000000e+00;0;1;0;17;0;2;257992,000000000;0,973040999409355;1;-0,1190445754011603;0,0018915024769844;0,4962927968479597;1,43847188223081379;-1,1361788539935549;1,92259671541816202;-0,9207707446667501;-1,3800425076777314;-2,2286119899245094;-0,59095631070111543;-0,3955384054605663;-0,18422081232855758
Ockelbo;0;10;10;0,0000000000000000;0,147000000000000;1,37000000000000;0,220000000000000;22,76700000000000;83,0619047619048;0,000000000000000000;2,60000000000000;0,154934000000000;0,175194000000000;4,000000000000000;2,14217000000000e-03;0;7;2;5;1;1;263028,000000000;0,865557904545309;1;-1,2956757563192123;0,5254105751391992;-0,7602527285380748;-0,07639857469241244;0,9369466208162610;-0,64392145541856749;0,0157351229378375;-1,3298288895296799;-1,8012232718121612;1,95568209284726047;-0,3025794141272965;-0,80494851526877864
Orsa;2;12;14;0,1428571428571428;0,150333333333333;0,99000000000000;0,196666666666667;4,96100000000000;80,7208964646465;0,001403333333333333;2,36666666666667;0,177766750000000;0,218788500000000;1,333333333333333;2,78801333333333e-03;0;0;1;54;0;1;261255,666666667;0,876158548046540;3;-1,2600202659883624;-1,0048759449503508;-0,8824168768394949;-0,53696927024913421;0,6946325868325834;-0,44753756775548803;-0,5305599664981722;-0,9163723479610089;-0,9923057416706790;2,72346869957892102;-0,3352947276644290;-0,74372853366580693
Ovanåker;3;21;24;0,1250000000000000;0,168000000000000;1,15750000000000;0,160000000000000;9,38975000000000;81,4661488880743;0,000302500000000000;2,65000000000000;0,203640000000000;0,279861500000000;1,500000000000000;2,46815250000000e-03;0;0;0;113;9;37;254013,000000000;0,932655500655205;4;-1,0710461672348570;-0,3303417551740363;-1,0743891098845835;-0,42241504875374880;0,7717724761992300;-0,60158929911114600;0,1327983563884106;-0,4478582853035709;0,1409340091770366;2,34321415304075975;-0,4689863455946173;-0,41745188839189024
Ragunda;0;1;1;0,0000000000000000;NA;NA;NA;NA;NA;NA;NA;NA;NA;NA;NA;NA;NA;NA;NA;NA;NA;NA;NA;NA;NA;NA;NA;NA;NA;NA;NA;NA;NA;NA;NA;NA
Rakkestad;1;0;1;1,0000000000000000;0,325000000000000;1,27000000000000;0,560000000000000;28,53200000000000;80,5490196078431;0,000930000000000000;3,30000000000000;0,249023500000000;0,283203000000000;2,000000000000000;0,00000000000000e+00;0;0;0;0;0;0;320200,000000000;1,244012728045550;1;0,6083274273481809;0,1227035961682647;1,0198534324254742;0,07271914180115720;0,6768418875987385;-0,51377631371310617;1,6546203912458657;0,3739483281915960;0,2029371959773844;-0,59095631070111543;0,7527524866879740;1,38067326604572860
Rendalen;3;23;26;0,1153846153846154;0,313500000000000;0,57750000000000;0,135000000000000;1,28300000000000;89,4719116718657;0,002970000000000000;2,77500000000000;0,264770625000000;0,294922000000000;0,500000000000000;1,72905000000000e-04;4;24;0;0;0;0;229550,000000000;0,935584715333107;4;0,4853159857067481;-2,6660422332054541;-1,2052792687789620;-0,63210456274928140;1,6004362094840807;-0,22829664803661071;0,4254564400148443;0,6590980294824859;0,4203890427866851;-0,38540469100448449;-0,9205462750993393;-0,40053532397092007
Rättvik;6;15;21;0,2857142857142857;0,143166666666667;1,01833333333333;0,230000000000000;10,39450000000000;78,8252902303394;0,001510000000000000;2,36666666666667;0,211225416666667;0,273198333333333;2,500000000000000;2,34880333333333e-03;0;4;8;72;7;23;249585,833333333;0,895226551694315;6;-1,3366795701996899;-0,8907756342419196;-0,7078966649803233;-0,39642614577943586;0,4984214097865685;-0,43261052641292613;-0,5305599664981722;-0,3105011933476151;0,0172956528953715;2,20133037571924461;-0,5507069468252779;-0,63360853648010662
Rælingen;0;1;1;0,0000000000000000;NA;NA;NA;NA;NA;NA;NA;NA;NA;NA;NA;NA;NA;NA;NA;NA;NA;NA;NA;NA;NA;NA;NA;NA;NA;NA;NA;NA;NA;NA;NA;NA
Rømskog;1;5;6;0,1666666666666667;0,348500000000000;1,26500000000000;0,320000000000000;9,28750000000000;79,2361391129033;0,000460000000000000;2,75000000000000;0,172505250000000;0,241536000000000;2,000000000000000;9,40000000000000e-06;0;0;0;0;0;0;396600,000000000;1,374122811767169;2;0,8596986341806740;0,1025682472197185;-0,2366920929605604;-0,42505985127091578;0,5409477221487745;-0,57954858962876943;0,3669248232895578;-1,0116478444939960;-0,5702146174028614;-0,57978147350642284;2,1630120057232829;2,13207453058912000
Sala;2;1;3;0,6666666666666666;NA;NA;NA;NA;NA;NA;NA;NA;NA;NA;NA;NA;NA;NA;NA;NA;NA;NA;NA;NA;NA;NA;NA;NA;NA;NA;NA;NA;NA;NA;NA;NA
Sandviken;0;3;3;0,0000000000000000;NA;NA;NA;NA;NA;NA;NA;NA;NA;NA;NA;NA;NA;NA;NA;NA;NA;NA;NA;NA;NA;NA;NA;NA;NA;NA;NA;NA;NA;NA;NA;NA
Skinnskatteberg;1;18;19;0,0526315789473684;0,222000000000000;1,28000000000000;0,420000000000000;67,31999999999999;60,3888888888889;0,004490000000000000;2,00000000000000;0,228960500000000;0,235539000000000;4,000000000000000;1,10000000000000e-05;0;1;1;4;0;1;269451,000000000;0,886694355496898;1;-0,4934272238750860;0,1629742940653582;0,2868685426169538;1,07601107369232429;-1,4099010794677258;-0,01558630890510420;-1,3890236784690444;0,0106465536137531;-0,6814919213806218;-0,57787937355839003;-0,1840179364994982;-0,68288298799601255
Smedjebacken;2;17;19;0,1052631578947368;0,288500000000000;1,36000000000000;0,325000000000000;20,97500000000000;74,1190257352941;0,003475000000000000;2,20000000000000;0,271667500000000;0,317596500000000;4,000000000000000;1,18400000000000e-04;1;2;2;8;0;1;274024,500000000;0,982289770836705;2;0,2178998082253724;0,4851398772421049;-0,2105140611816847;-0,12275051709596430;0,0112834803208053;-0,15762643668041942;-0,9207707446667501;0,7839869756292012;0,8411256159138693;-0,45020091454668903;-0,0995961837467759;-0,13080805332324874
Stenungsund;0;2;2;0,0000000000000000;0,350000000000000;1,73000000000000;0,600000000000000;84,70000000000000;75,4055555555556;0,015869999999999999;2,70000000000000;0,312744500000000;0,398438000000000;0,000000000000000;0,00000000000000e+00;0;0;0;15;1;2;286239,000000000;1,112070453663429;1;0,8757436048295559;1,9751556994345616;1,2292776866564796;1,52556283651248759;0,1444501294749144;1,57694241432946392;0,2498615898389847;1,5278112787909439;2,3411796711945274;-0,59095631070111543;0,1258699798037055;0,61869088173201814
Stor-Elvdal;1;2;3;0,3333333333333333;0,325000000000000;1,01000000000000;0,120000000000000;1,69900000000000;80,4692473118280;0,001100000000000000;1,80000000000000;0,142456000000000;0,284912000000000;1,000000000000000;2,08760000000000e-04;1;4;0;0;0;0;341600,000000000;1,165469215372569;1;0,6083274273481809;-0,9243345491561640;-1,2838133641155891;-0,62134429040559969;0,6685847845076477;-0,48998634157339827;-1,8572766122713382;-1,5557811171717235;0,2346485370642602;-0,34277981998153723;1,1477728231716862;0,92707510473464960
Storfors;0;3;3;0,0000000000000000;NA;NA;NA;NA;NA;NA;NA;NA;NA;NA;NA;NA;NA;NA;NA;NA;NA;NA;NA;NA;NA;NA;NA;NA;NA;NA;NA;NA;NA;NA;NA;NA
Sunne;3;17;20;0,1500000000000000;0,416666666666667;1,17666666666667;0,380000000000000;26,41866666666667;72,3315972222222;0,004216666666666667;2,06666666666667;0,231063166666667;0,253694666666667;4,666666666666667;3,69833333333333e-05;4;13;3;71;4;17;276454,666666667;0,936824363848781;3;1,5888534114465569;-0,2531562508712744;0,0774442883859482;0,01805557877315885;-0,1737303933878610;-0,05383685234541891;-1,2329393672016138;0,0487217433334201;-0,3446045379246341;-0,54699006294398256;-0,0547379942898518;-0,39337620581786742
Surahammar;1;2;3;0,3333333333333333;NA;NA;NA;NA;NA;NA;NA;NA;NA;NA;NA;NA;NA;NA;NA;NA;NA;NA;NA;NA;NA;NA;NA;NA;NA;NA;NA;NA;NA;NA;NA;NA
Säffle;1;6;7;0,1428571428571428;0,413500000000000;1,19000000000000;0,345000000000000;25,63750000000000;64,0870855734767;0,001815000000000000;2,60000000000000;0,224693500000000;0,276916500000000;2,500000000000000;0,00000000000000e+00;0;0;2;26;1;2;250977,500000000;0,864747234669042;2;1,5549806956322496;-0,1994619870084828;-0,1058019340661820;-0,00215010891707999;-1,0271066407820411;-0,38992851757403835;0,0157351229378375;-0,0666204888087990;0,0862880761747853;-0,59095631070111543;-0,5250183190243514;-0,80963023057270711
Södertälje;1;2;3;0,3333333333333333;NA;NA;NA;NA;NA;NA;NA;NA;NA;NA;NA;NA;NA;NA;NA;NA;NA;NA;NA;NA;NA;NA;NA;NA;NA;NA;NA;NA;NA;NA;NA;NA
Sør-Odal;0;2;2;0,0000000000000000;NA;NA;NA;NA;NA;NA;NA;NA;NA;NA;NA;NA;NA;NA;NA;NA;NA;NA;NA;NA;NA;NA;NA;NA;NA;NA;NA;NA;NA;NA;NA;NA
Tanum;1;5;6;0,1666666666666667;0,340000000000000;1,22000000000000;0,380000000000000;19,86300000000000;56,7713721264368;0,002910000000000000;3,40000000000000;0,147705000000000;0,295410000000000;2,000000000000000;0,00000000000000e+00;0;0;0;0;0;0;245730,000000000;0,926793717575974;1;0,7687771338370063;-0,0786498933172025;0,0774442883859482;-0,15151355278388270;-1,7843444681306120;-0,23669310879180178;1,8887468581470128;-1,4607319712434426;0,4294441243843415;-0,59095631070111543;-0,6218813664868877;-0,45130438538694911
Torsby;20;59;79;0,2531645569620253;0,260750000000000;1,03350000000000;0,271500000000000;5,45075000000000;80,8356662535493;0,000867000000000000;2,58000000000000;0,247968950000000;0,295018750000000;3,300000000000000;3,69127500000000e-04;35;149;24;851;49;259;253610,250000000;0,897763086622596;20;-0,0789321487789543;-0,8296984090979942;-0,4906190012156548;-0,52430137750798489;0,7065122245771717;-0,52259259750605680;-0,0310901704423919;0,3548524857761516;0,4221842869354004;-0,15213293659644450;-0,4764206652450292;-0,61895974448680757
Trysil;4;16;20;0,2000000000000000;0,174750000000000;1,03000000000000;0,300000000000000;5,41575000000000;83,9680994556914;0,004200000000000000;2,47500000000000;0,222463500000000;0,284393250000000;2,500000000000000;5,03520000000000e-04;0;0;0;0;0;0;319450,000000000;1,168272300489377;4;-0,9988437993148856;-0,8437931533619771;-0,3414042200760634;-0,52520668888305422;1,0307453878190067;-0,05616920255519430;-0,2769229606885962;-0,1070014366884074;0,2250228739929815;0,00763454294480349;0,7389083160168159;0,94326325588440119
Uddevalla;0;1;1;0,0000000000000000;NA;NA;NA;NA;NA;NA;NA;NA;NA;NA;NA;NA;NA;NA;NA;NA;NA;NA;NA;NA;NA;NA;NA;NA;NA;NA;NA;NA;NA;NA;NA;NA
Vansbro;6;7;13;0,4615384615384616;0,304285714285714;1,08142857142857;0,237142857142857;9,21257142857143;78,2508743046041;0,000385714285714286;2,40000000000000;0,256025214285714;0,281492428571429;2,857142857142857;3,34958571428571e-04;0;9;3;53;4;6;239105,000000000;0,874825502831371;7;0,3867540231493267;-0,6366867070340683;-0,6704994767247866;-0,42699795664325813;0,4389645337420015;-0,58994420770662492;-0,4525178108644569;0,5007357091957843;0,1711966962553883;-0,19275338488397595;-0,7441715407487846;-0,75142702890707258
Våler;2;21;23;0,0869565217391304;0,255000000000000;1,34250000000000;0,555000000000000;66,85950000000000;75,3169586489899;0,006267500000000000;2,72500000000000;0,289573750000000;0,336243000000000;0,750000000000000;3,47275000000000e-05;0;0;0;0;0;0;261575,000000000;1,024303597637449;4;-0,1404378695996704;0,4146661559221920;0,9936754006465980;1,06409976260034012;0,1352796050245945;0,23315884096743048;0,3083932065642712;1,1082342168710138;1,1871206548702320;-0,54967182573529749;-0,3294001874408869;0,11182681158031388
Älvdalen;2;13;15;0,1333333333333333;0,139000000000000;0,60500000000000;0,200000000000000;1,77500000000000;84,1439393939394;0,000800000000000000;2,25000000000000;0,285339250000000;0,301635500000000;1,500000000000000;1,54204000000000e-03;6;18;4;25;1;5;236558,500000000;0,891489542865048;2;-1,3812489331132523;-2,5552978139884472;-0,8649648556535776;-0,61937847141973479;1,0489462992904535;-0,53196864534935351;-0,8037075112161771;1,0315556860206989;0,5449613589872340;1,24224006671418619;-0,7911771149009236;-0,65519020855042009
Älvkarleby;1;1;2;0,5000000000000000;0,033000000000000;1,24000000000000;0,290000000000000;39,66700000000000;82,3580246913580;0,029170000000000001;2,90000000000000;0,185139500000000;0,231424000000000;0,000000000000000;7,26600000000000e-04;0;0;0;0;0;0;281597,000000000;0,934957202924201;1;-2,5150935256342843;0,0018915024769844;-0,3937602836338149;0,36073748926965638;0,8640891176905084;3,43815788173014614;0,7181145236412780;-0,7828662342931230;-0,7578477836231570;0,27283482819927513;0,0401837927963507;-0,40415928303759191
Åmot;3;19;22;0,1363636363636364;0,213250000000000;1,20250000000000;0,217500000000000;4,63025000000000;87,4008586317795;0,002425000000000000;2,55000000000000;0,281143125000000;0,320743500000000;0,750000000000000;2,93955000000000e-04;2;8;0;0;0;0;310100,000000000;1,160689176204296;4;-0,5870228859935674;-0,1491236146371162;-0,7733417444275127;-0,54552446274353972;1,3860648134812634;-0,30456449989626272;-0,1013281105127366;0,9555720515268320;0,8995197589217085;-0,24149894181112880;0,5663176549830445;0,89946980795156606
Åmål;1;0;1;1,0000000000000000;0,441000000000000;1,27000000000000;0,400000000000000;14,37500000000000;80,3870967741936;0,005810000000000000;2,50000000000000;0,264398500000000;0,310600000000000;2,000000000000000;0,00000000000000e+00;0;0;0;0;0;1;259445,000000000;0,861408223499076;1;1,8491384908617627;0,1227035961682647;0,1821564155014511;-0,29346637639476042;0,6600815134208114;0,16913582770909880;-0,2183913439633097;0,6523595719803775;0,7113020946064820;-0,59095631070111543;-0,3687176321469759;-0,82891341865215273
Ånge;1;4;5;0,2000000000000000;0,154000000000000;0,96000000000000;0,160000000000000;11,68000000000000;86,2929292929293;0,000000000000000000;3,10000000000000;0,302734500000000;0,324219000000000;0,000000000000000;6,20630000000000e-04;0;0;0;0;1;2;233620,000000000;0,929678259252016;1;-1,2207992266244272;-1,1256880386416313;-1,0743891098845835;-0,36317535227510217;1,2713848152172322;-0,64392145541856749;1,1863674574435723;1,3465497145421179;0,9640093820623959;0,14685637101612853;-0,8454185755905211;-0,43464581288427573
Åre;0;1;1;0,0000000000000000;NA;NA;NA;NA;NA;NA;NA;NA;NA;NA;NA;NA;NA;NA;NA;NA;NA;NA;NA;NA;NA;NA;NA;NA;NA;NA;NA;NA;NA;NA;NA;NA
Årjäng;7;10;17;0,4117647058823529;0,379142857142857;1,15285714285714;0,274285714285714;10,64971428571429;77,2460993867244;0,000472857142857143;3,52857142857143;0,252864357142857;0,280309142857143;2,428571428571428;8,34285714285714e-07;1;1;1;6;1;14;241851,857142857;0,898738161750619;7;1,1874744631507022;-0,3490388649119727;-0,4760340977959955;-0,38982476303836877;0,3349618850191398;-0,57774934803837141;2,1897666013056303;0,4434987551417023;0,1492402440090796;-0,58996450144249835;-0,6934675952887794;-0,61332856922918078
Åsnes;0;11;11;0,0000000000000000;NA;NA;NA;NA;NA;NA;NA;NA;NA;NA;NA;NA;NA;NA;NA;NA;NA;NA;NA;NA;NA;NA;NA;NA;NA;NA;NA;NA;NA;NA;NA;NA
Örebro;1;1;2;0,5000000000000000;0,199000000000000;1,27000000000000;0,510000000000000;42,00000000000000;61,1960784313725;0,007990000000000001;2,40000000000000;0,322197000000000;0,324783000000000;2,000000000000000;0,00000000000000e+00;0;1;0;85;0;1;275849,000000000;0,963377034429451;1;-0,7394501071579512;0,1227035961682647;0,7580731146367169;0,42108295892785202;-1,3263501777226490;0,47420723514770685;-0,4525178108644569;1,6989776060698678;0,9744746812859173;-0,59095631070111543;-0,0659179312274052;-0,24003136366091579
