"NAME_2","NAME_1","sum_fate","n_territories","prop_disappearance","ruggedness_mean","average_gravel_km","average_paved_km","pop_mean","mean_snow","mean_artificial_area_total","mean_hunt_county2","mean_fi","mean_maxfi","mean_number_neighbour_terr","mean_bear_density_BZtiff","sum_wolfLKill_n","sum_sheepAttacks_n","sum_AttackDogs_n","mean_IndividualIncome"
"Arboga","Västmanland",0,1,0,0.209,1.45,0.52,0.159174891116915,55.2760416666667,0.00857,-0.923463858510223,0.93248549966104,0.319611,2,-0.518250821811674,-0.417567745744355,0,-0.307306854657047,274870
"Aremark","Ãstfold",1,3,0.333333333333333,0.385,1.23333333333333,0.453333333333333,-0.300698542008334,74.0044802867383,0.000766666666666667,0.738536470804291,0.130464890110766,0.269957333333333,0.666666666666667,-0.51904876890844,-0.417567745744355,0,-0.351347645929554,369400
"Arvika","Värmland",8,27,0.296296296296296,0.400333333333333,1.18074074074074,0.312962962962963,-0.443332448226351,72.2483747224741,0.00221962962962963,0.251687889489938,-0.259614798546806,0.262024925925926,2.22222222222222,-0.495328119345705,1.09563647048519,11,0.441386596975567,261054.925925926
"Askersund","Orebro",1,5,0.2,0.2226,1.41,0.384,-0.369985866422385,64.3874945927574,0.004392,0.0737363390784855,NA,NA,0.2,-0.51904876890844,-0.417567745744355,6,-0.351347645929554,270334.8
"Aurskog-Høland","Akershus",6,15,0.4,0.3272,1.37933333333333,0.543333333333333,0.343401797350823,NA,0.000718666666666667,0.542118250067121,-0.524820745316635,0.230929733333333,1.8,-0.502998366370214,NA,0,-0.351347645929554,323193.333333333
"Bollnäs","Gävleborg",2,23,0.0869565217391304,0.206217391304348,1.21478260869565,0.208695652173913,-0.399023401281153,81.9552346905654,0.00021,0.643283487503656,-0.192919246606717,0.250573260869565,1.52173913043478,2.1591708847304,1.3982773137311,10,0.221182640613034,242916.913043478
"Borlänge","Dalarna",1,3,0.333333333333333,0.242,1.42,0.373333333333333,-0.0704868503695859,74.6955770944742,0.0106933333333333,-0.696827449967335,1.15643705244495,0.333476,2.33333333333333,0.870774420294593,-0.417567745744355,1,-0.351347645929554,278861.333333333
"Dals-Ed","Västra Götaland",1,10,0.1,0.3915,1.19,0.381,-0.345370481293912,61.7177958007494,0.002067,1.43355479033581,-0.449037951930426,0.2340799,0.1,-0.51904876890844,-0.417567745744355,15,-0.26326606338454,213899.3
"Degerfors","Orebro",2,8,0.25,0.1655,1.33125,0.34375,-0.279541448069812,65.5381623771448,0.0036675,1.76784349293658,2.00716019269966,0.386144875,0.75,-0.51904876890844,-0.266247324121401,2,-0.219225272112033,243917.875
"Eda","Värmland",3,9,0.333333333333333,0.322111111111111,1.34555555555556,0.471111111111111,-0.483088017888608,72.0837290919952,0.00170666666666667,0.285263653718514,-0.72177320069484,0.242681444444444,2.66666666666667,-0.499767380581905,-0.114926902498446,8,-0.351347645929554,246957.555555556
"Eidskog","Hedmark",4,5,0.8,0.3122,1.676,0.506,-0.386515065882048,76.251661115007,0.000358,-0.424863759715869,-0.572456013211823,0.226439,2.2,-0.509033832890432,-0.417567745744355,0,-0.351347645929554,327940
"Elverum","Hedmark",2,13,0.153846153846154,0.189384615384615,1.16230769230769,0.356923076923077,-0.451566396788881,84.3203944247734,0.00228384615384615,-1.11523312727728,0.0886511573783489,NA,2.84615384615385,-0.176517324614321,0.339034362370416,0,-0.351347645929554,383323.076923077
"Enebakk","Akershus",3,8,0.375,0.4035,1.1675,1.59375,4.93625214158195,73.9183501683502,0.03434875,-0.696827449967335,0.795298011768792,0.342422625,0.625,-0.518709291415517,-0.417567745744355,0,-0.351347645929554,425437.5
"Falun","Dalarna",6,31,0.193548387096774,0.180193548387097,1.26935483870968,0.235806451612903,-0.323197815491344,80.3057203111973,0.00125,-0.448258485759006,0.0456396432203941,0.301287483870968,2.32258064516129,1.9690789799529,-0.417567745744355,38,1.41028400497072,280150.35483871
"Filipstad","Värmland",8,31,0.258064516129032,0.341387096774194,1.10161290322581,0.290322580645161,-0.325887331652263,NA,0.00150709677419355,1.51104982035371,0.543386643120455,0.306388838709677,3,-0.447135536696379,NA,14,1.27816163115319,230246.161290323
"Finspång","Östergötland",0,2,0,0.267,1.445,0.37,0.629276757597057,48.2943497474748,0.005975,-1.376736675596,-0.927031165517076,0.204487,0,-0.51904876890844,-0.417567745744355,1,-0.351347645929554,286032.5
"Flen","Södermanland",0,3,0,0.252333333333333,1.44,0.436666666666667,0.208165218051483,68.6895424836601,0.00284,-2.50991871831044,-1.04733344933493,0.197039,1,-0.51904876890844,-0.417567745744355,0,-0.351347645929554,250791.666666667
"Forshaga","Värmland",5,18,0.277777777777778,0.356444444444444,1.18388888888889,0.409444444444444,-0.0327651725817607,70.1531356843627,0.00464277777777778,-0.482781953010163,-0.909999469111905,0.212973722222222,4.05555555555556,-0.503809223722152,0.490354783993371,5,0.309264223158047,282188.555555556
"Färgelanda","Västra Götaland",2,11,0.181818181818182,0.296909090909091,1.25636363636364,0.490909090909091,-0.237910628484488,52.3324797865195,0.00099,0.601181071687388,0.473474021167216,0.294189545454545,0.363636363636364,-0.51904876890844,-0.417567745744355,11,0.0890602667955136,229524.181818182
"Gagnef","Dalarna",1,5,0.2,0.2618,1.288,0.278,-0.200768762483323,74.2624684343434,0.002346,-1.05944570363596,-0.0476098411570672,0.3136446,3,0.245821320835925,-0.114926902498446,0,-0.307306854657047,274106.2
"Gnesta","Södermanland",0,4,0,0.281,1.45,0.455,0.476747123655659,56.8382352941177,0.0092875,-2.67989602471761,0.541220412112465,0.2953875,1,-0.51904876890844,-0.266247324121401,9,-0.351347645929554,300593.75
"Grue","Hedmark",1,11,0.0909090909090909,0.187454545454545,2.00545454545455,0.418181818181818,-0.517612601741667,80.9304859444889,0.000679090909090909,0.662991001289994,-0.0886492954280323,0.269531,2.90909090909091,-0.339099608480157,-0.417567745744355,0,-0.351347645929554,276854.545454545
"Grums","Värmland",0,1,0,0.392,1.19,0.34,-0.0644757673101296,53.4656862745098,0.00251,-1.60337308413889,0.786937180718682,0.3106,1,-0.51904876890844,-0.417567745744355,0,-0.351347645929554,261885
"Gävle","Gävleborg",1,7,0.142857142857143,0.0485714285714286,1.32285714285714,0.288571428571429,0.0349866459393164,66.1337151067091,0.0214142857142857,0.727744260873676,-0.844331421539175,0.221539428571429,0,0.352721433446693,-0.417567745744355,0,-0.13114368956702,291646.571428571
"Hagfors","Värmland",8,44,0.181818181818182,0.371909090909091,1.09045454545455,0.305909090909091,-0.460090199321401,NA,0.00167340909090909,2.01250779761356,0.0039444626642707,0.281229227272727,3.40909090909091,-0.403908948038074,NA,34,1.63048796133325,236324.863636364
"Halden","Ãstfold",4,9,0.444444444444444,0.386333333333333,1.23333333333333,0.435555555555556,-0.298677794937283,71.5207336850845,0.00220111111111111,0.662991001289994,0.0525623773753317,0.280488,1.22222222222222,-0.51904876890844,-0.417567745744355,0,-0.351347645929554,309822.222222222
"Heby","Västmanland",0,1,0,0.164,1.3,0.44,0.164776708946791,67.6197916666667,0.00573,-0.243554632881558,-2.06489565072553,0.134041,0,-0.383257771739472,-0.417567745744355,0,-0.351347645929554,277029
"Hedemora","Dalarna",1,3,0.333333333333333,0.244666666666667,1.44666666666667,0.31,-0.203677103521026,70.0390873015873,0.00539666666666667,-0.168009163367262,-0.383145746414492,0.238159333333333,1.66666666666667,0.401800846188804,-0.417567745744355,0,-0.351347645929554,256269
"Hofors","Gävleborg",0,1,0,0.121,1.41,0.31,0.000846800192365314,79.9375,0.00258,-0.0169182243386698,2.23783311871849,0.400426,2,0.899407188632352,-0.417567745744355,0,-0.351347645929554,287280
"Hällefors","Orebro",9,35,0.257142857142857,0.284885714285714,1.20228571428571,0.320571428571429,-0.403418085279085,76.33814315702,0.00104371428571429,0.844300128124305,-0.318171375761734,0.265650342857143,3.25714285714286,-0.469722839176868,0.944316048862233,5,-0.13114368956702,236417.4
"Härjedalen","Jämtland",3,13,0.230769230769231,0.199846153846154,0.878461538461539,0.130769230769231,-0.619641591708776,85.146637043512,7.61538461538462e-05,0.105116764876731,-0.278095369506344,0.245057461538462,0.615384615384615,3.70897676264243,5.93788996241972,6,-0.0871028982945133,245215
"Karlskoga","Orebro",1,9,0.111111111111111,0.245777777777778,1.26333333333333,0.424444444444444,-0.089050865392566,71.628501187069,0.0101344444444444,1.09108199520434,0.34156639587033,0.283026777777778,3.11111111111111,-0.514419742475738,-0.417567745744355,0,-0.307306854657047,262483.333333333
"Karlstad","Värmland",1,10,0.1,0.2955,1.151,0.386,-0.0888436748700912,69.7517205523416,0.002304,1.0482728958129,-1.20234539718288,0.190735,3.8,-0.510296549173384,-0.417567745744355,3,-0.219225272112033,277598.5
"Kil","Värmland",0,1,0,0.36,1.2,0.48,-0.0729552312854902,75.8627352150538,0.0096,1.79617304400444,0.230054549248738,0.276123,3,-0.518992772620947,-0.417567745744355,0,-0.351347645929554,268961
"Kongsvinger","Hedmark",1,13,0.0769230769230769,0.368,1.88692307692308,0.480769230769231,-0.484731637544581,78.2204046356869,0.000633846153846154,-0.0692189340024131,-0.145325999885091,0.252882923076923,3.15384615384615,-0.412914267076771,-0.417567745744355,0,-0.351347645929554,358392.307692308
"Kristinehamn","Värmland",4,6,0.666666666666667,0.230666666666667,1.43166666666667,0.411666666666667,-0.0764148014292836,64.560948983749,0.0119266666666667,0.323036388475662,-1.89236223303205,0.1621685,2.83333333333333,-0.518141162415334,-0.114926902498446,11,-0.351347645929554,252408
"Köping","Västmanland",7,17,0.411764705882353,0.227529411764706,1.20470588235294,0.405882352941176,-0.0293955680636485,71.0251593725807,0.00310470588235294,0.00974488254872869,0.513720181875513,0.304723411764706,2.11764705882353,-0.507335663124744,0.490354783993371,2,-0.26326606338454,254011.058823529
"Laxå","Orebro",1,10,0.1,0.1702,1.315,0.361,-0.305586064117209,NA,0.003371,2.00014581169303,NA,NA,0.1,-0.51904876890844,NA,1,-0.307306854657047,238266
"Lekeberg","Orebro",0,1,0,0.19,1.36,0.49,0.139683634558167,58.546875,0.01041,-0.696827449967335,2.27448267322744,0.402695,3,-0.51904876890844,-0.417567745744355,0,-0.351347645929554,310195
"Leksand","Dalarna",10,35,0.285714285714286,0.225,1.14257142857143,0.314,-0.338112509591925,80.3657829425885,0.00364085714285714,-0.392487129924028,0.202931156096879,0.295317771428571,1.54285714285714,1.10871011202129,3.21412237320655,26,0.485427388248074,252679.4
"Lilla Edet","Västra Götaland",0,1,0,0.36,1.65,0.56,0.918719999063692,37.6779755283648,0.01113,-0.923463858510223,2.20572235875207,0.398438,0,-0.51904876890844,-0.417567745744355,0,-0.351347645929554,NA
"Lindesberg","Orebro",0,13,0,0.234615384615385,1.27461538461538,0.379230769230769,-0.255393569761282,71.1647161332257,0.00283846153846154,-0.243554632881558,0.244555581579959,0.277546615384615,4.23076923076923,-0.487563779414179,0.187713940747462,12,-0.307306854657047,268304.307692308
"Linköping","Östergötland",0,1,0,0.253,1.41,0.39,0.629516561442514,74.8010752688172,0.00471,-1.376736675596,-0.927031165517076,0.204487,0,-0.51904876890844,-0.417567745744355,0,-0.351347645929554,299792
"Ljusdal","Gävleborg",9,49,0.183673469387755,0.179938775510204,1.09142857142857,0.232448979591837,-0.603754876820028,83.5069694233273,0.000557959183673469,0.501107852330789,NA,NA,1.12244897959184,3.0887026115814,1.3982773137311,31,2.20301824787584,244949.428571429
"Ljusnarsberg","Orebro",1,4,0.25,0.242,1.3475,0.3625,-0.441639255444946,68.6774116045477,0.004405,-0.356872837153002,0.730993711330507,0.319412,4.75,-0.455667971003027,-0.417567745744355,2,-0.351347645929554,230750.25
"Ludvika","Dalarna",5,24,0.208333333333333,0.299291666666667,1.22083333333333,0.260416666666667,-0.371645309032948,NA,0.00191416666666667,-0.0830205101636792,-0.249612041969965,0.26837125,2.20833333333333,-0.157452159131877,NA,16,0.13310105806802,255965.041666667
"Lørenskog","Akershus",0,1,0,0.398,1.2,1.86,4.70079114376615,58.3372596153846,0.04327,-0.470191041424447,-0.0795041603872945,0.256958,0,-0.51809683202107,-0.417567745744355,0,-0.351347645929554,450100
"Malung","Dalarna",9,21,0.428571428571429,0.233142857142857,0.781904761904762,0.229047619047619,-0.603687274974071,80.6231376120015,0.00393809523809524,0.425562382816492,-0.209468592492448,0.259444666666667,1.33333333333333,0.360268266431228,-0.417567745744355,17,0.837753718428128,243411.428571429
"Marker","Ãstfold",0,2,0,0.352,1.275,0.43,-0.344873607726125,70.6946428571429,0.00145,-0.696827449967335,-0.422320442845691,0.235734,3,-0.514940041313688,-0.417567745744355,0,-0.351347645929554,412450
"Mellerud","Västra Götaland",1,4,0.25,0.312,1.285,0.505,-0.273153073626837,60.8229423029823,0.001365,0.889627409832883,0.798901992310798,0.31134075,1.5,-0.51904876890844,-0.266247324121401,5,-0.26326606338454,224462.75
"Mora","Dalarna",6,20,0.3,0.2394,1.1235,0.226,-0.570311284409515,NA,0.0022205,-0.424863759715869,-0.588993539163341,0.25532235,1,1.93250859486183,NA,1,0.39734580570306,249481.45
"Munkedal","Västra Götaland",1,2,0.5,0.3445,1.305,0.4,-0.396930226497937,57.3282169117647,0.000425,1.79617304400444,-3.00109067237224,0.152161,1,-0.51904876890844,-0.417567745744355,5,-0.307306854657047,252424
"Nesodden","Akershus",2,5,0.4,0.2916,1.668,0.51,-0.325332471967523,77.8357230392157,0.002522,-1.28608211217884,-0.672002599566473,0.2780692,2.6,-0.474615714783254,-0.417567745744355,0,-0.351347645929554,485880
"Nora","Orebro",3,16,0.1875,0.2259375,1.2675,0.4,-0.0780270826169064,72.3668379143647,0.005965625,1.11626381837577,-0.101019015656546,0.274002125,2.625,-0.512417583550556,-0.417567745744355,12,-0.13114368956702,259183.4375
"Norrtälje","Stockholm",2,5,0.4,0.252,1.268,0.468,0.85697722336618,72.1874193548387,0.017792,-0.923463858510223,-1.14994574104251,0.2441042,0,-0.51904876890844,-0.417567745744355,1,-0.219225272112033,254496.8
"Ockelbo","Gävleborg",1,8,0.125,0.15475,1.31875,0.2075,-0.252021558765163,79.5413079388952,0.000585,1.11626381837577,0.0137369742963838,0.262730625,2,1.72774277066696,-0.417567745744355,4,-0.26326606338454,242886.375
"Orsa","Dalarna",4,20,0.2,0.13895,1.054,0.164,-0.579235824322044,81.3109132374371,0.001864,0.00574541651561851,NA,NA,1,3.14230488636625,-0.266247324121401,27,0.441386596975567,231590.7
"Ovanåker","Gävleborg",8,27,0.296296296296296,0.171444444444444,1.13592592592593,0.166296296296296,-0.494889209204743,81.2945735909946,0.000236666666666667,0.260081830547082,-0.313829673387643,NA,1.77777777777778,3.33889167504665,0.187713940747462,19,2.29109983042085,253117.481481481
"Rakkestad","Ãstfold",1,1,1,0.325,1.27,0.56,-0.130527338502814,80.5490196078431,0.00093,1.56953663546155,0.34441278896818,0.283203,2,-0.51904876890844,-0.417567745744355,0,-0.351347645929554,320200
"Rendalen","Hedmark",4,21,0.19047619047619,0.328285714285714,0.567142857142857,0.142380952380952,-0.652266509602141,NA,0.00268904761904762,-0.275931262673399,-0.89488887012001,NA,0.666666666666667,-0.353216430122292,NA,0,-0.351347645929554,NA
"Rättvik","Dalarna",7,21,0.333333333333333,0.150428571428571,1.0452380952381,0.204761904761905,-0.499600530045754,80.5810200515935,0.00122238095238095,0.252887023926673,-0.17621794208169,0.284138619047619,1.9047619047619,2.51992908270167,-0.114926902498446,12,0.749672135883114,233332.333333333
"Rælingen","Akershus",0,1,0,0.405,1.19,1.7,4.99047418907824,69.94375,0.0384,-1.60337308413889,2.60400561793314,0.423096,1,-0.516080965671345,-0.417567745744355,0,-0.351347645929554,461200
"Rømskog","Ãstfold",3,9,0.333333333333333,0.340555555555556,1.32333333333333,0.356666666666667,-0.450960697366578,NA,0.000124444444444444,0.159354537861355,-1.72110843594308,0.186470444444444,2.33333333333333,-0.508883887276147,NA,0,-0.351347645929554,NA
"Sala","Västmanland",2,3,0.666666666666667,0.193666666666667,1.22,0.403333333333333,0.260698247129603,68.0140151515152,0.00396,-0.923463858510223,0.399621328990928,0.286621,1.66666666666667,-0.485544323558846,-0.417567745744355,3,-0.26326606338454,250798.333333333
"Sandviken","Gävleborg",2,5,0.4,0.1742,1.264,0.258,-0.0864648207231574,80.8515990670462,0.000356,0.391027311038528,-0.657707819601542,0.2877788,0.8,0.881891549904742,-0.417567745744355,6,-0.351347645929554,281557.4
"Skinnskatteberg","Västmanland",1,19,0.0526315789473684,0.238842105263158,1.20578947368421,0.355263157894737,0.105137745006728,67.6740501323349,0.00384263157894737,-0.529832201567312,0.804621392008036,0.312387315789474,3.26315789473684,-0.49725000362227,-0.266247324121401,11,-0.0871028982945133,252943.842105263
"Smedjebacken","Dalarna",4,21,0.19047619047619,0.284095238095238,1.37714285714286,0.313333333333333,-0.327467045930551,74.8504623954649,0.00394142857142857,-0.599697560591811,1.0168720046001,0.332685714285714,2.9047619047619,-0.298132748791565,0.490354783993371,3,-0.13114368956702,274522
"Stenungsund","Västra Götaland",1,2,0.5,0.348,1.73,0.605,0.943055293300672,64.3358585858586,0.01587,0.0963999799327749,0.821575774656301,0.398438,0,-0.51904876890844,-0.417567745744355,1,-0.307306854657047,286938.5
"Stor-Elvdal","Hedmark",1,2,0.5,0.325,1.01,0.12,-0.645299865314692,80.469247311828,0.0011,-1.83000949268178,-1.9289740988556,0.284912,1,-0.226804144485824,-0.114926902498446,0,-0.351347645929554,341600
"Storfors","Värmland",0,4,0,0.298,1.1875,0.3825,-0.15527029927707,75.8817204301075,0.0061825,0.436354592747106,-1.90826685827363,0.143738,5.25,-0.510988803277509,-0.266247324121401,1,-0.351347645929554,259690.25
"Sunne","Värmland",5,24,0.208333333333333,0.421833333333333,1.215,0.326666666666667,-0.380191918085037,76.4596574413617,0.00200666666666667,0.389138674300672,-0.171385810347379,0.259951708333333,3.16666666666667,-0.466833397411139,1.85223857859996,20,1.01391688351815,260096.125
"Surahammar","Västmanland",1,3,0.333333333333333,0.209666666666667,1.22333333333333,0.36,0.440774948144802,66.2800857843137,0.00358333333333333,-1.15010026705311,-0.421733576172931,0.27408,3,-0.503136490546028,0.036393519124508,1,-0.351347645929554,283154
"Säffle","Värmland",4,11,0.363636363636364,0.414,1.14545454545455,0.304545454545455,-0.253934757444919,NA,0.00139,-0.0169182243386698,0.0363459639181119,0.293192,2.27272727272727,-0.519025861336284,NA,6,-0.26326606338454,250534.545454545
"Södertälje","Stockholm",1,2,0.5,0.28,1.595,0.49,1.69368929035027,52.3145607259384,0.019765,-0.696827449967335,-0.758643503218321,0.214912,0,-0.51904876890844,-0.417567745744355,13,-0.351347645929554,260662
"Sør-Odal","Hedmark",0,2,0,0.3035,1.865,0.665,-0.323502289018995,78.8755208333334,0.0041,-1.71669128841033,-0.0888078815848088,0.256382,2.5,-0.451713233198879,-0.417567745744355,0,-0.351347645929554,409250
"Tanum","Västra Götaland",2,7,0.285714285714286,0.344285714285714,1.22857142857143,0.384285714285714,-0.323546138865021,67.2351535010556,0.00236571428571429,0.53348448212263,0.392860440323091,0.289411142857143,2.14285714285714,-0.51904876890844,-0.417567745744355,0,-0.307306854657047,234900.428571429
"Torsby","Värmland",25,83,0.301204819277108,0.26533734939759,1.13301204819277,0.270963855421687,-0.559305397356973,NA,0.000627710843373494,1.50127265698477,0.206742508042844,0.29067056626506,3.06024096385542,-0.198319743821451,NA,156,7.8842803220292,236049.096385542
"Trysil","Hedmark",5,21,0.238095238095238,0.184952380952381,1.00666666666667,0.337619047619048,-0.564534843703223,84.7768002390758,0.00757619047619048,-0.610489770522425,-0.118842687226485,0.268022714285714,2.14285714285714,0.160708830390457,0.187713940747462,0,-0.351347645929554,334280.952380952
"Uddevalla","Västra Götaland",0,1,0,0.311,1.65,0.63,0.564980550553118,43.046875,0.02441,-0.470191041424447,2.20572235875207,0.398438,1,-0.51904876890844,-0.417567745744355,5,-0.351347645929554,251476
"Vansbro","Dalarna",7,17,0.411764705882353,0.309,1.12294117647059,0.229411764705882,-0.484702383645606,78.1320235811484,0.00036,-0.00358667089497057,0.161266680860501,0.279633705882353,2.05882352941176,-0.14880955075713,-0.417567745744355,11,0.177141849340527,230338.352941176
"Vänersborg","Västra Götaland",0,1,0,0.283,1.26,0.51,-0.234352811431889,63.6274509803922,0.00091,0.662991001289994,0.565246949059171,0.296875,1,-0.51904876890844,-0.417567745744355,0,-0.351347645929554,244609
"Våler","Ãstfold",4,27,0.148148148148148,0.231592592592593,1.35592592592593,0.47962962962963,0.161875615314195,NA,0.00516962962962963,-0.201584927595838,NA,NA,1.7037037037037,-0.295745425587642,NA,0,-0.351347645929554,NA
"Älvdalen","Dalarna",3,8,0.375,0.167875,0.64875,0.18875,-0.637544608952612,86.6932410037879,0.00082,-0.895134307442362,0.373494993857283,0.288253625,0.75,1.69282383576352,3.06280195158359,9,-0.175184480839527,231860.125
"Älvkarleby","Uppsala",1,2,0.5,0.033,1.24,0.29,0.0830899270303082,82.358024691358,0.02917,0.662991001289994,-1.2395376687617,0.231424,0,0.498123793390242,-0.417567745744355,0,-0.351347645929554,281597
"Åmot","Hedmark",6,24,0.25,0.241333333333333,1.18208333333333,0.18875,-0.603147944706407,85.2517677834887,0.00223958333333333,-0.27188418394942,0.110215297851593,0.301698291666667,1.20833333333333,-0.21932689022161,1.85223857859996,0,-0.351347645929554,303704.166666667
"Åmål","Västra Götaland",1,1,1,0.441,1.27,0.4,-0.402119581713627,80.3870967741936,0.00581,-0.243554632881558,0.786937180718682,0.3106,2,-0.51904876890844,-0.417567745744355,0,-0.351347645929554,259445
"Ånge","Västernorrland",1,5,0.2,0.1538,1.004,0.176,-0.5223668219796,NA,0.000474,2.02280945254732,1.19935369692723,0.336133,0.4,0.709059008559579,-0.417567745744355,0,-0.26326606338454,232733
"Årjäng","Värmland",7,17,0.411764705882353,0.382411764705882,1.14352941176471,0.272352941176471,-0.463803901697282,74.8914367783045,0.000732352941176471,1.50287886824305,0.0778571860927148,0.280571941176471,2.23529411764706,-0.518082832949197,-0.114926902498446,5,0.000978684250500146,242517.411764706
"Åsnes","Hedmark",0,11,0,0.188636363636364,1.83363636363636,0.365454545454545,-0.564910640205628,80.7591531688734,0.000153636363636364,-0.449587731556911,0.251206712103881,0.285556,3.27272727272727,-0.204909596076312,-0.417567745744355,0,-0.351347645929554,327518.181818182
"Örebro","Orebro",2,6,0.333333333333333,0.202,1.28,0.506666666666667,0.116445043241078,61.8933452168746,0.01028,-0.545736510938742,0.960332054078599,0.323059,3.33333333333333,-0.51904876890844,-0.417567745744355,0,-0.351347645929554,282942.5
