year;disappearance;n_territories_without_disap;n_territories;prop_disappearance;mean_ruggedness;average_gravel_km;average_paved_km;pop_mean;mean_snow;mean_artificial_area_total;hunt_county2;mean_fi;mean_maxfi;mean_number_neighbour_terr;mean_bear_density_BZtiff;sum_wolfLKill_n;sum_wolfLKill_last5y;sum_sheepAttacks_n;sum_NoAffectedSheep_last5y;sum_AttackDogs_n;sum_AttackDogs_last5y;mean_IndividualIncome;mean_income_prop;n;mean_ruggedness_sc;average_gravel_km_sc;average_paved_km_sc;pop_mean_sc;mean_snow_sc;mean_artificial_area_total_sc;hunt_county2_sc;mean_fi_sc;mean_maxfi_sc;mean_bear_density_BZtiff_sc;mean_IndividualIncome_sc;mean_income_prop_sc
1999;1;7;8;0,1250000000000000;0,321000000000000;0,980000000000000;0,240000000000000;8,2600000000000;NA;0,00000000000000000;4,60000000000000;0,187500000000000;0,375000000000000;1,00000000000000;1,66000000000000e-06;0;0;0;0;0;0;196936,000000000;0,951221845543167;1;0,8668733463315089;-1,2996504802142599;-0,981699724460031;-0,9073948965705566;NA;-1,7113487592611085;2,3904010848644583;-1,0320646477997548;1,9187615952187329;-1,308856880154278;-1,6280033488256895;-0,4445793867480232
2000;0;10;10;0,0000000000000000;NA;NA;NA;NA;NA;NA;NA;NA;NA;NA;NA;NA;NA;NA;NA;NA;NA;NA;NA;NA;NA;NA;NA;NA;NA;NA;NA;NA;NA;NA;NA;NA
2001;1;14;15;0,0666666666666667;0,298000000000000;1,310000000000000;0,230000000000000;11,8000000000000;73,7205228031146;0,00191000000000000;3,40000000000000;0,156250000000000;0,187500000000000;0,00000000000000;3,84000000000000e-05;0;0;0;10;0;0;218362,000000000;0,990721331197235;1;0,3819233483377963;1,1642246199802293;-1,120233831173244;-0,5376644290629133;-0,600710566179108;-0,3823173516082117;0,6129679874272176;-1,7216456015856465;-1,7615686891105540;-1,193089513815295;-0,9686644126320578;0,6760686245234611
2002;2;13;15;0,1333333333333333;0,362333333333333;1,310000000000000;0,520000000000000;44,2686666666667;75,2239583333333;0,00492333333333333;4,00000000000000;0,143229166666667;0,161458333333333;0,00000000000000;0,00000000000000e+00;0;0;0;0;0;0;209030,333333333;0,933145759546322;3;1,7383776905520931;1,1642246199802293;2,897255263509924;2,8534811376084144;-0,341552181884238;1,7144442409192207;1,5016845361458382;-2,0089709989964351;-2,2727256730451768;-1,314087523271391;-1,2558263267977241;-0,9574197310842818
2003;3;14;17;0,1764705882352941;0,331666666666667;0,866666666666667;0,233333333333333;5,6660000000000;84,4647727272727;0,00140333333333333;3,66666666666667;0,164062500000000;0,203125000000000;0,00000000000000;7,63666666666667e-06;0;6;1;14;0;2;212702,000000000;0,926979443014519;3;1,0917776932271435;-2,1458298075537807;-1,074055795602173;-1,1783216854730501;1,251355847603202;-0,7348701857499923;1,0079531201910490;-1,5492503631391736;-1,4548744987497801;-1,290024464272787;-1,1428387045603672;-1,1323655624997671
2004;2;18;20;0,1000000000000000;0,337000000000000;1,160000000000000;0,365000000000000;19,8215000000000;63,3232374144672;0,00121000000000000;3,85000000000000;0,274414000000000;0,296875000000000;0,50000000000000;0,00000000000000e+00;0;0;4;38;2;2;218555,500000000;0,936667441184878;2;1,2042298666749611;0,0442813926190971;0,749976609455127;0,3001301882005218;-2,392968117776613;-0,8693969250935666;1,2795053989661833;0,8858310007553484;0,3852906434148634;-1,314087523271391;-0,9627098674928126;-0,8575053788027518
2005;3;24;27;0,1111111111111111;0,373000000000000;1,046666666666667;0,273333333333333;5,6110000000000;78,7278483363042;0,00191333333333333;3,80000000000000;0,261067666666667;0,270833333333333;1,33333333333333;5,13666666666667e-06;0;6;1;3;1;3;213904,666666667;0,897638205483082;3;1,9632820374477276;-0,8018979347204238;-0,519919368749323;-1,1840660853919540;0,262439445069511;-0,3799979250678053;1,2054456865729646;0,5913229281299260;-0,1258663405197601;-1,297901938846752;-1,1058292319291931;-1,9648118322011001
2006;3;24;27;0,1111111111111111;0,218000000000000;1,397500000000000;0,277500000000000;6,8385000000000;80,8694760101010;0,00132250000000000;3,07500000000000;0,252075125000000;0,276367000000000;1,50000000000000;4,89927500000000e-04;1;1;4;16;5;9;228744,250000000;0,940021127567234;4;-1,3048592533794632;1,8175248359408884;-0,462196824285483;-1,0558615235655044;0,631607764260165;-0,7911162793548487;0,1315798568712986;0,3928881934272270;-0,0172491617639361;0,229669046463011;-0,6491730623895331;-0,7623572544010770
2007;5;25;30;0,1666666666666667;0,239833333333333;1,221666666666667;0,258333333333333;12,0951666666667;82,9368754252679;0,00095000000000000;2,70000000000000;0,279297000000000;0,304036666666667;1,00000000000000;3,48075000000000e-04;0;0;0;40;5;11;236957,000000000;0,966492771737044;6;-0,8445081683274609;0,5047024972008962;-0,727720528819141;-0,5068361494981282;0,987980805443287;-1,0503121952452699;-0,4238679860778393;0,9935821622701173;0,5258629032527564;-0,217306738338310;-0,3964433952456775;-0,0113248066930293
2008;5;34;39;0,1282051282051282;0,205333333333333;0,993333333333333;0,226666666666667;11,2828333333333;78,0639622326203;0,00147500000000000;2,71666666666667;0,281616333333333;0,322265833333333;1,66666666666667;9,76481666666667e-04;2;4;3;85;12;26;236244,666666667;0,940122979471960;6;-1,5719331653180293;-1,2000999711154927;-1,166411866744315;-0,5916791955730930;0,148000450827104;-0,6850025151312537;-0,3991814152800999;1,0447619412188347;0,8836727920069920;1,762796277172278;-0,4183639171450180;-0,7594675931159963
2009;3;37;40;0,0750000000000000;0,262000000000000;1,265000000000000;0,292500000000000;16,8385000000000;75,1704658189033;0,00208500000000000;2,67500000000000;0,301513750000000;0,347168250000000;1,00000000000000;3,76075000000000e-04;0;1;7;109;2;22;255964,000000000;1,006717662695678;4;-0,3771288224349701;0,8282416517718888;-0,254395664215665;-0,0114251746738567;-0,350773085164030;-0,2605474582368730;-0,4608978422744490;1,4838300872308441;1,3724680891340311;-0,129079023109907;0,1884560334966150;1,1299038272996700
2010;4;48;52;0,0769230769230769;0,210600000000000;0,948000000000000;0,230000000000000;7,0420000000000;87,4427000515912;0,00167600000000000;2,92000000000000;0,271704100000000;0,295556600000000;1,20000000000000;4,74248000000000e-04;3;10;9;93;1;14;251717,800000000;0,972352679864800;5;-1,4608866440383095;-1,5385717020513014;-1,120233831173244;-1,0346072438655594;1,764683368741167;-0,5451410947447446;-0,0980052515476788;0,8260327471020883;0,3594125236982783;0,180263101430021;0,0577883871386664;0,1549278490279936
2011;10;50;60;0,1666666666666667;0,307727272727273;1,258181818181818;0,380909090909091;19,9756363636364;82,2233991469377;0,00238000000000000;3,20909090909091;0,256680636363636;0,303699818181818;2,00000000000000;3,61125454545455e-04;6;8;3;49;1;26;260635,454545455;1,012597822718559;11;0,5870207783193273;0,7773351414372934;0,970371779226147;0,3162287502873019;0,864993583305560;-0,0552782094109022;0,3301945401076565;0,4945161268290867;0,5192510969593253;-0,176184888794111;0,3322099712580691;1,2967310536922156
2012;9;52;61;0,1475409836065574;0,228555555555556;1,148888888888889;0,300000000000000;14,2831111111111;81,3976526012816;0,00156666666666667;2,75555555555556;0,286817888888889;0,318454444444444;2,88888888888889;6,70122222222222e-04;1;16;9;306;14;45;253422,333333333;0,981545355889301;9;-1,0822976600973244;-0,0386773649632086;-0,150495084180755;-0,2783192787847962;0,722653498674083;-0,6212182852700762;-0,3415794167520413;1,1595425377362834;0,8088612189236112;0,797460783530274;0,1102417239587261;0,4157351465037840
2013;17;49;66;0,2575757575757576;0,266722222222222;1,158333333333333;0,353888888888889;21,0756111111111;71,4460620608073;0,00469777777777778;2,85555555555556;0,236470558823529;0,297140705882353;1,77777777777778;4,89852222222222e-04;1;13;12;562;7;65;262633,888888889;0,990548318254868;18;-0,2775617938613815;0,0318375789817509;0,596049824218224;0,4311141111998555;-0,992776311115123;1,5574963783517175;-0,1934599919656045;0,0485486213508858;0,3905060322444532;0,229431846950840;0,3937074777479787;0,6711600388399468
2014;18;53;71;0,2535211267605634;0,268944444444444;1,066666666666667;0,360000000000000;26,0333888888889;80,8401963679330;0,00401722222222222;2,72777777777778;0,260511194444444;0,306091277777778;2,11111111111111;9,80408333333333e-04;5;57;6;514;24;78;268763,944444444;0,988637746950677;18;-0,2307067215914585;-0,6525721710722729;0,680709556098521;0,9489224432836920;0,626560614179914;1,0839467930187336;-0,3827237014149403;0,5790434834657548;0,5661916898913786;1,775169163903118;0,5823467155342135;0,6169548283927776
2015;12;55;67;0,1791044776119403;0,260500000000000;1,140000000000000;0,303333333333333;14,5285000000000;70,5671504940380;0,00134083333333333;2,53333333333333;0,204928454545455;0,253083272727273;2,16666666666667;5,89772500000000e-04;0;8;7;358;11;57;261184,666666667;0,944721310860012;12;-0,4087559962171687;-0,1050443710290538;-0,104317048609684;-0,2526899712678274;-1,144280846563253;-0,7783594333826134;-0,6707336940552343;-0,6474780779287594;-0,4742721303713073;0,544279625998007;0,3491107896910306;-0,6290073899042794
2016;15;59;74;0,2027027027027027;0,270888888888889;1,183888888888889;0,330000000000000;15,8988333333333;71,6116894439175;0,00457833333333333;2,16111111111111;0,246655000000000;0,290354055555556;3,00000000000000;6,56507777777778e-04;41;53;13;650;10;96;266966,444444444;0,932355533429752;18;-0,1897085333552745;0,2226427214210548;0,265107235958883;-0,1095673769247085;-0,964225885014980;1,4743835939871530;-1,2220671085380823;0,2732845144787862;0,2572947537011688;0,754561807550369;0,5270325300675817;-0,9798393983615883
2017;20;56;76;0,2631578947368421;0,259428571428571;1,121428571428571;0,274285714285714;17,8347619047619;75,2441825865244;0,00255142857142857;2,11904761904762;0,215832225000000;0,267692350000000;2,90476190476190;6,69787619047619e-04;10;60;6;177;13;76;284840,761904762;0,971818323428770;21;-0,4313468346330246;-0,2437040087023359;-0,506725644300445;0,0926280399610795;-0,338065976672768;0,0640065840957154;-1,2843713110276149;-0,4068690401717077;-0,1875189063023738;0,796406452330152;1,0770760967376540;0,1397675129519328
2018;12;60;72;0,1666666666666667;0,267769230769231;1,169230769230769;0,350000000000000;24,3417692307692;72,5977476001719;0,00368538461538462;2,29230769230769;0,208986423076923;0,250926615384615;2,53846153846154;7,79771538461538e-04;12;26;9;204;9;41;287087,692307692;0,964551714976513;13;-0,2554858463495912;0,1132009758413217;0,542175449385308;0,7722435373397090;-0,794251693598556;0,8530449072975013;-1,0277394871302357;-0,5579325479971369;-0,5166039241371888;1,142964663821398;1,1462205334766287;-0,0663949262764703
2019;15;50;65;0,2307692307692308;0,281642857142857;1,288571428571428;0,330000000000000;18,6109285714286;82,4933352920236;0,00447785714285714;2,31428571428571;0,209942142857143;0,242741071428571;2,92857142857143;5,01401428571429e-04;4;43;0;198;4;56;308353,500000000;1,023794024339349;14;0,0370365485223925;1,0042327303572094;0,265107235958883;0,1736937079075527;0,911524487901834;1,4044694511263298;-0,9951857673969531;-0,5368430709540651;-0,6772732858179207;0,265823278696977;1,8006298969203187;1,6143807869069156
2020;12;56;68;0,1764705882352941;0,306666666666667;1,201428571428572;0,399047619047619;33,7990000000000;75,7423380830012;0,00348428571428571;2,33809523809524;0,220125550000000;0,251791850000000;2,85714285714286;3,41441904761905e-04;3;63;3;110;6;43;313630,952380952;1,032079284119588;21;0,5646581301904993;0,3535990458902679;1,221652258502494;1,7599910948638222;-0,252195202037178;0,7131146687608924;-0,9599192376858962;-0,3121299954224974;-0,4996207286275897;-0,238207553972222;1,9630321109905924;1,8494435919496892
