"fate","id","Spring","terrRug","humPop","fi","mooseHunt","wolfNeighbour","dogattack","artificial_area_total","killedWolves","sheepAttacks","IncAvg1998_2021","bearDensity","humPop2"
"1","G13-16",2020,1.1496221684196,-0.223401826492258,-0.352519862743096,-0.0378318100677131,1.6180562211063,-0.0917018594933137,-0.593058308082963,-0.378638557093776,-0.364731895932789,NA,-0.671791029607093,0.049908376080077
"1","G77-14",2020,1.44989597942231,0.419170547210512,0.627943311683074,-0.0378318100677131,0.499347151679163,-0.701490020709998,-0.410419736882732,-0.594099305788854,-0.685523892018578,NA,-0.672067547639733,0.17570394764876
"1","G6-12",2020,1.44989597942231,0.419170547210512,-2.82863335990538,-0.0378318100677131,0.499347151679163,-0.701490020709998,-0.410419736882732,-0.594099305788854,-0.685523892018578,NA,-0.672067547639733,0.17570394764876
"1","G302-17",2020,-0.818839481487009,0.628834030454259,-0.154739075230543,-1.35437880042414,1.05870168639273,-0.549042980405827,1.02430770576797,-0.0195373092686469,-0.92611788908292,NA,-0.398426326679909,0.395432237857348
"1","G27-19",2020,-0.930052004080604,-0.0915257259945286,-0.349874609338466,-1.35437880042414,1.05870168639273,-0.549042980405827,0.0461766911178446,-0.0195373092686469,-0.92611788908292,NA,-0.387122883990097,0.00837695851882552
"0","G151-15",2020,-0.896688247302525,-0.575894574726902,-0.0164524415639456,-0.0378318100677131,-1.17871645246154,0.822980382331713,-0.593058308082963,0.195923439426431,0.517446093303131,NA,2.92659548102735,0.331654561199879
"1","G122-14",2020,1.49438098845975,-0.227066157886336,-0.254044292816182,-0.36696855765682,0.499347151679163,-0.167925379645399,-0.593058308082963,-0.234998057963725,-0.364731895932789,NA,-0.606717119259113,0.0515590400572623
"0","G132-11",2020,-0.80771822922765,-0.363881139828257,-0.838356722140761,-1.35437880042414,2.73676529053344,-0.549042980405827,-0.290690006873692,-0.0195373092686469,-0.92611788908292,NA,-0.290889487927019,0.132409483922711
"0","G230-19",2020,-1.07462828345228,-0.428524725182475,-0.722121882765489,-0.0378318100677131,1.05870168639273,2.04255670476508,-0.39824383213605,0.052282940296379,0.437248094281684,NA,3.09055838469261,0.183633440092715
"1","G224-19",2020,-0.518565670484306,-0.462618939023023,0.00409636783838587,-0.0378318100677131,-0.619361917747975,2.42367430552551,-0.406361101967171,0.339563938556483,2.60259406786076,NA,-0.195889157461343,0.214016282742788
"1","G246-17",2020,1.30531970005064,-0.406618396196141,-0.793447533657608,-0.0378318100677131,-0.619361917747975,2.42367430552551,-0.0268787373622477,0.339563938556483,2.60259406786076,NA,-0.512387601057805,0.165338520125122
"0","G171-17",2020,-1.16359830152715,-0.109887212653983,-0.722121882765489,-0.202400183862267,0.499347151679163,2.04255670476508,-0.593058308082963,0.052282940296379,0.437248094281684,NA,2.94835847433699,0.0120751995048617
"0","G38-19",2020,-0.218291859481602,-0.610745552659706,0.00830472552757042,-1.35437880042414,-1.17871645246154,-0.167925379645399,-0.593058308082963,3.85875616724275,-0.92611788908292,NA,-0.419258375946328,0.373010130093609
"1","G123-14",2020,-0.663141949855978,-0.00234705217561699,-0.254044292816182,-0.531536931451374,-1.17871645246154,-1.00638410131834,0.0461766911178446,-0.737739804918906,-0.444929894954236,NA,-0.677485252797757,5.50865391506847e-06
"1","G319-17",2020,-0.451838156928149,2.01582329280172,-0.154739075230543,-1.02524205283503,1.05870168639273,-0.853937061014169,0.31810523046041,-0.522279056223828,-0.124137898868447,NA,-0.666219703319825,4.06354354780196
"1","G166-14",2020,-0.607535688559181,1.09097791268777,-0.933934537201694,-0.531536931451374,0.499347151679163,-0.549042980405827,1.54990092733308,-0.450458806658802,-0.204335897889894,NA,-0.677485252797757,1.19023280597256
"1","G181-19",2020,1.08289465486345,0.554073704077262,-1.21694057985979,-0.0378318100677131,-0.0600073830344059,0.441862781571285,-0.593058308082963,-0.0913575588336728,0.116456098195895,NA,-0.670920509874708,0.306997669549897
"1","G166-16",2019,-0.607535688559181,-0.466203611038969,-0.127961896448219,-0.696105305245927,0.499347151679163,2.42367430552551,-0.524061514518431,0.339563938556483,2.60259406786076,-0.661174247402136,-0.262311861324091,0.217345806945774
"1","G117-15",2019,1.03840964582601,0.550090735170656,-0.127961896448219,-0.531536931451374,1.6180562211063,0.441862781571285,-0.440859498749437,-0.0913575588336728,0.116456098195895,-1.14614377966868,-0.623717857562173,0.302599816920592
"1","G29-18",2019,0.0374969424836643,-0.460308817057192,-0.340303601565349,-0.696105305245927,0.499347151679163,2.42367430552551,-0.479416530447264,0.339563938556483,2.60259406786076,-0.661174247402136,-0.426278861552803,0.211884207060591
"1","G195-17",2019,-1.21920456282395,-0.590113773723486,0.0959708281328363,-0.36696855765682,-1.17871645246154,0.3656392614192,-0.142549832455727,-0.809560054483932,0.517446093303131,0.316983620927554,0.72921011386315,0.348234265938173
"1","G12-16",2019,-2.55375483394708,0.91441290105792,-0.0460191603002438,0.455873311315947,-1.17871645246154,-1.15883114162251,5.32646071626229,-0.809560054483932,-0.92611788908292,1.14577244414854,0.0666585696853032,0.836150953621161
"1","G13-16",2019,1.24971343875384,-0.222087446753078,-0.352519862743096,-0.531536931451374,0.499347151679163,-0.0917018594933137,-0.497680387567287,-0.378638557093776,-0.364731895932789,-0.743506545210411,-0.677485009052232,0.0493228340053013
"1","G11-11",2019,0.771499591601384,-0.323374346048072,0.321178083899759,-1.18981042662959,0.499347151679163,-0.701490020709998,-0.503768339940628,-0.809560054483932,-0.92611788908292,NA,-0.549529093545685,0.104570967682018
"1","G113-17",2019,-0.273898120778399,1.02326744127547,0.109822336869809,-0.531536931451374,1.6180562211063,-1.00638410131834,2.61732191012554,-0.737739804918906,0.0362580991744474,0.164452880940494,-0.677485218181796,1.04707625637444
"1","G254-17",2019,1.98371608787156,-0.0929595948009068,-0.205059009314076,-0.202400183862267,-0.0600073830344059,-1.08260762147043,0.585975134887415,-0.737739804918906,-0.685523892018578,-0.470623024517922,-0.677485252797757,0.00864148626554877
"1","G172-14",2019,0.337770753486368,0.0769936884439775,-1.1572179723107,-1.18981042662959,0.499347151679163,-0.244148899797485,-0.331276356029299,-0.809560054483932,-0.92611788908292,NA,-0.656592779220502,0.00592802806020827
"0","G196-17",2019,-0.0403518233318516,-0.621141101505948,-0.110900011988354,-1.35437880042414,-0.619361917747975,-0.167925379645399,0.100968262477914,3.85875616724275,-0.92611788908292,NA,-0.395239200318516,0.385816267980022
"1","G136-15",2019,1.16074342067896,0.524400585723046,-0.244557452196849,-0.531536931451374,-0.0600073830344059,0.441862781571285,-0.373892022642686,-0.0913575588336728,0.116456098195895,-1.14614377966868,-0.566964067574076,0.274995974306674
"1","G173-16",2019,-1.13023454474907,-0.110882954880634,-2.01898141214365,0.291304937521394,-0.619361917747975,2.04255670476508,-0.542325371638454,0.052282940296379,0.437248094281684,0.114350636245818,3.33903748882304,0.0122950296830608
"0","G141-13",2019,-0.774354472449572,-0.364040458584521,-1.1572179723107,-1.35437880042414,0.499347151679163,-0.472819460253741,2.4975921801165,-0.522279056223828,-0.92611788908292,NA,-0.161608090399997,0.132525455486428
"1","G175-17",2019,0.704772078045228,-0.283464997603879,-0.205059009314076,-0.860673679040481,1.6180562211063,-0.0917018594933137,-0.593058308082963,-0.306818307528751,-0.92611788908292,NA,-0.676153869677638,0.080352404866567
"1","G111-17",2019,1.62783601557206,0.589800935169519,0.0332422508057656,-0.531536931451374,1.05870168639273,0.213192221115029,0.243020484522538,-0.163177808398699,0.517446093303131,0.0868170424445582,-0.636622032418714,0.347865143126839
"1","G258-17",2019,1.08289465486345,-0.291072468215496,-0.340303601565349,-0.531536931451374,1.6180562211063,-0.0917018594933137,-0.422595641629414,-0.378638557093776,-0.364731895932789,-0.743506545210411,-0.677484918927836,0.0847231817530612
"1","G31-17",2018,1.5055022407191,0.140641531571544,-0.0460191603002438,0.291304937521394,-1.17871645246154,-0.244148899797485,-0.505797657398408,-0.809560054483932,-0.92611788908292,NA,-0.677485252797757,0.0197800404027895
"1","G161-17",2018,-1.71966091449512,-0.442465116355596,-0.349874609338466,-0.36696855765682,-0.0600073830344059,-0.244148899797485,-0.170960276864652,-0.66591955535388,0.677842091346025,-0.974983483928163,1.75987884934534,0.195775379191571
"0","G126-15",2018,0.315528248967649,0.0502679670806503,0.826818272194814,-0.36696855765682,-0.0600073830344059,-0.701490020709998,0.835581182194397,0.124103189861405,-0.605325892997131,1.86003498140825,-0.546004000699954,0.00252686851442134
"1","G32-14",2018,-1.25256831960203,-0.590193433101618,-0.933934537201694,-0.531536931451374,-1.17871645246154,0.3656392614192,-0.142549832455727,-0.809560054483932,0.517446093303131,0.316983620927554,0.607761345645876,0.348328288476274
"1","G130-17",2018,-0.740990715671494,1.60705119391673,1.01433066694576,-0.860673679040481,-0.0600073830344059,-0.853937061014169,0.194316865535809,-0.594099305788854,-0.525127893975683,1.94334904758813,-0.64839965232746,2.58261353986918
"1","G143-14",2018,0.604680807710993,5.01161335590553,-0.210890590683375,0.126736563726841,-1.17871645246154,-0.777713540862084,1.61280976852427,-0.809560054483932,-0.92611788908292,NA,-0.677485252797757,25.1162684290907
"0","G16-17",2018,-0.162685598184805,-0.171623230706378,0.627943311683074,-0.531536931451374,-0.0600073830344059,-0.930160581166255,-0.21966389585138,0.052282940296379,-0.0439398998469999,0.993021307180101,-0.638260657797322,0.0294545333180947
"1","G19-17",2018,1.90586732205604,0.0962314282628852,-0.0460191603002438,-1.02524205283503,1.05870168639273,0.213192221115029,0.188228913162468,-0.163177808398699,0.517446093303131,0.0868170424445582,-0.611428167222612,0.00926048778551482
"0","G157-15",2018,1.34980470908807,-0.597482266200707,-0.933934537201694,-1.35437880042414,-0.0600073830344059,-0.625266500557913,-0.414478371798293,0.698665186381612,-0.92611788908292,NA,-0.440350556991601,0.356985058424333
"1","G110-14",2018,1.30531970005064,-0.25088431194784,0.744623034585488,-1.18981042662959,1.6180562211063,2.42367430552551,-0.479416530447264,0.339563938556483,2.60259406786076,-0.661174247402136,-0.518614377496517,0.0629429379815413
"0","G12-12",2018,-0.44071690466879,1.96404469701584,0.746823404462976,-0.860673679040481,1.05870168639273,-0.853937061014169,0.234903214691416,-0.522279056223828,-0.124137898868447,0.14169589080844,-0.664478663855054,3.85747157187603
"1","G109-17",2018,1.04953089808537,-0.390686520569716,0.0866162501837351,-1.02524205283503,1.05870168639273,0.441862781571285,-0.0897875785534382,-0.0913575588336728,0.116456098195895,-1.14614377966868,-0.606819533345276,0.152635957354871
"1","G168-15",2018,1.51662349297846,-0.0770277191744822,-0.205059009314076,-1.02524205283503,1.05870168639273,-0.167925379645399,-0.593058308082963,-0.234998057963725,-0.364731895932789,0.341315447672022,-0.677485225453196,0.00593326952122289
"0","G144-16",2018,-0.885566995043166,-0.522124494487719,-0.244557452196849,0.455873311315947,0.499347151679163,0.822980382331713,-0.28054341958479,0.195923439426431,0.517446093303131,-0.398449023942395,1.39022237432597,0.272613987744056
"0","G139-14",2018,-0.118200589147367,-0.598716986561755,-0.933934537201694,-1.35437880042414,-0.0600073830344059,-0.167925379645399,-0.420566324171634,3.85875616724275,-0.92611788908292,NA,-0.287825258469021,0.358462029997589
"0","G188-13",2018,1.88362481753732,0.120447879215051,-0.999067890351156,-1.02524205283503,-0.0600073830344059,-0.167925379645399,0.271430928931462,-0.234998057963725,-0.364731895932789,0.341315447672022,-0.658026576426784,0.0145076916074034
"0","G105-16",2018,1.88362481753732,0.120447879215051,-0.127961896448219,-1.02524205283503,-0.0600073830344059,-0.167925379645399,0.271430928931462,-0.234998057963725,-0.364731895932789,0.341315447672022,-0.658026576426784,0.0145076916074034
"1","G80-13",2018,-0.118200589147367,-0.164653035119817,-1.30547240176111,-0.531536931451374,0.499347151679163,-0.625266500557913,-0.593058308082963,-0.378638557093776,-0.685523892018578,-0.737223227632128,-0.668984883646227,0.0271106219741678
"1","G47-16",2018,-1.10799204023035,-0.0414996365275554,0.379517945350966,-0.36696855765682,0.499347151679163,0.441862781571285,-0.532178784349552,-0.66591955535388,0.0362580991744474,-0.61444608013151,1.73127357093915,0.00172221983191921
"0","G204-17",2018,1.02728839356665,-0.403949807028715,-0.0164524415639456,-1.02524205283503,-0.0600073830344059,2.42367430552551,-0.479416530447264,0.339563938556483,2.60259406786076,-0.661174247402136,-0.368764134904515,0.163175446598536
"1","G112-17",2018,-1.50835712156729,-0.442465116355596,-1.32564847091097,-0.36696855765682,0.499347151679163,0.441862781571285,-0.229810483140282,-0.66591955535388,0.0362580991744474,-0.61444608013151,1.937561143993,0.195775379191571
"0","G125-16",2018,-0.474080661446868,-0.550005276833962,-2.82863335990538,-1.02524205283503,1.05870168639273,2.42367430552551,-0.593058308082963,0.339563938556483,2.60259406786076,-0.661174247402136,-0.202137440858149,0.302505804545203
"1","G107-16",2017,1.00504588904793,5.28611957294882,0.905983492267928,-0.860673679040481,0.499347151679163,-0.0917018594933137,-0.290690006873692,-0.306818307528751,-0.92611788908292,NA,-0.669906610421694,27.9430601395127
"1","G73-15",2017,-0.418474400150071,-0.557971214647174,-0.244557452196849,-1.18981042662959,-0.0600073830344059,2.42367430552551,-0.406361101967171,0.339563938556483,2.60259406786076,-0.661174247402136,-0.177702464040515,0.311331876374843
"1","G48-14",2017,0.159830717336618,0.051423028063566,-0.357666083003013,-0.531536931451374,3.29611982524701,-0.701490020709998,0.00153170704667705,0.124103189861405,-0.605325892997131,1.86003498140825,-0.656387951048176,0.0026443278152263
"0","G116-14",2017,-0.707626958893415,-0.247299639931895,0.742422664708,0.455873311315947,-0.0600073830344059,-0.0154783393412281,-0.347510895691541,0.052282940296379,-0.124137898868447,0.040032774124128,1.59026166398302,0.0611571119104449
"0","G146-16",2017,1.02728839356665,0.530175890637625,-0.244557452196849,-1.35437880042414,1.6180562211063,0.441862781571285,-0.132403245166825,-0.0913575588336728,0.116456098195895,-1.14614377966868,-0.674238726266389,0.281086475013399
"1","G49-16",2017,0.760378339342025,-0.23734221766538,0.770306040368625,-0.696105305245927,1.05870168639273,-0.625266500557913,-0.591028990625182,-0.234998057963725,-0.284533896911342,-1.00364711316123,-0.478335941549464,0.0563313282863204
"0","G30-16",2017,-0.640899445337259,-0.625681686059479,-0.0762231446294753,-0.696105305245927,-1.17871645246154,-0.701490020709998,0.427688373180548,1.20140693333679,-0.284533896911342,-0.542552584805012,0.765670552678045,0.391477572270232
"1","G61-14",2017,-2.53151232942836,0.9157272807971,-0.154739075230543,0.455873311315947,-1.17871645246154,-0.853937061014169,5.37110570033346,-0.522279056223828,-0.92611788908292,1.14577244414854,-0.4073414728804,0.838556452796051
"1","G27-12",2017,1.1496221684196,-0.206474208639182,0.321178083899759,-1.35437880042414,-0.619361917747975,-0.167925379645399,-0.584941038251841,-0.234998057963725,-0.364731895932789,0.341315447672022,-0.677485252797757,0.0426315988331764
"0","G130-14",2017,-0.785475724708931,-0.565937152460387,0.347594546308725,-0.36696855765682,-1.17871645246154,-1.08260762147043,-0.528120149433992,-0.378638557093776,-0.765721891040025,-0.821394838430474,-0.0471961940429836,0.320284860534971
"1","G11-13",2017,0.693650825785869,-0.256261319971759,-0.838356722140761,-0.696105305245927,1.6180562211063,-0.625266500557913,-0.420566324171634,-0.378638557093776,-0.685523892018578,-0.737223227632128,-0.646965855121178,0.0656698641136681
"1","G65-16",2017,-0.240534364000321,-0.16604707423713,1.2183398238383,-0.531536931451374,2.17741075581987,-1.08260762147043,0.608297626922999,-0.594099305788854,-0.284533896911342,-1.80120768772944,-0.637441345108018,0.0275716308627108
"1","G16-12",2017,0.693650825785869,-0.597840733402302,-2.82863335990538,-1.35437880042414,-0.619361917747975,-0.625266500557913,-0.369833387727125,0.698665186381612,-0.92611788908292,NA,-0.463680485819536,0.357413542515002
"1","G148-15",2017,-0.752111967930853,-0.461105410838513,0.461352466586933,-1.35437880042414,1.6180562211063,2.42367430552551,-0.469269943158362,0.339563938556483,2.60259406786076,-0.661174247402136,-0.369158429136242,0.212618199904554
"1","G125-15",2017,-0.941173256339963,-0.459711371721201,-2.01898141214365,0.126736563726841,-0.619361917747975,2.04255670476508,-0.593058308082963,0.052282940296379,0.437248094281684,0.114350636245818,1.95909268146792,0.211334545289788
"0","G74-12",2017,0.237679483152133,0.261843275399569,-0.999067890351156,-0.696105305245927,0.499347151679163,-0.625266500557913,-0.325188403655958,-0.378638557093776,-0.685523892018578,-0.737223227632128,-0.677485252797757,0.0685619008719744
"1","G180-13",2017,-1.08574953571163,-0.0454826054341615,0.742422664708,-0.696105305245927,1.05870168639273,0.441862781571285,-0.471299260616142,-0.66591955535388,0.0362580991744474,-0.61444608013151,1.71673179484486,0.00206866739707962
"0","G41-12",2017,1.09401590712281,-0.394669489476322,1.40365184871176,-1.35437880042414,1.6180562211063,0.441862781571285,-0.272426149753669,-0.0913575588336728,0.116456098195895,-1.14614377966868,-0.668831262516982,0.155764005923501
"0","G103-15",2017,0.549074546414196,-0.188869486071983,-0.154739075230543,-0.696105305245927,0.499347151679163,-0.701490020709998,-0.540296054180674,-0.66591955535388,-0.765721891040025,1.3586078054593,-0.389095379289597,0.0356716827690949
"1","G12-09",2017,1.21634968197576,-0.134462130807743,0.849567451474634,-1.35437880042414,1.6180562211063,0.441862781571285,0.07864577044233,-0.522279056223828,-0.204335897889894,-0.226146671116532,-0.654954153841893,0.0180800646213585
"1","G2-16",2017,0.693650825785869,-0.135019746454668,-1.1572179723107,-1.02524205283503,1.05870168639273,-0.32037241994957,-0.593058308082963,-0.809560054483932,-0.92611788908292,NA,-0.66944574703396,0.0182303319326827
"1","G155-15",2017,-0.0737155801099298,-0.397656716156277,-0.127961896448219,-0.696105305245927,-1.17871645246154,-0.396595940101656,-0.593058308082963,-0.737739804918906,-0.685523892018578,1.42661830669565,0.646111324350479,0.158130863904194
"1","G48-16",2017,-0.518565670484306,-0.532480213644895,0.0934939090357734,-0.531536931451374,-1.17871645246154,-0.472819460253741,-0.593058308082963,2.20689042724716,-0.685523892018578,-0.617507594563786,1.9729298486494,0.283535177923313
"1","M-10-07",2017,0.0597394470023831,0.534955453325552,2.33788320795246,-0.696105305245927,0.499347151679163,-0.472819460253741,-0.197341403815796,0.339563938556483,-0.0439398998469999,1.11408336544379,-0.227112139909862,0.286177337042747
"1","G15-16",2017,-1.29705332863946,-0.472337383155142,NA,-0.696105305245927,-0.619361917747975,-0.244148899797485,-0.16081368957575,-0.66591955535388,0.677842091346025,-0.974983483928163,2.0127187452646,0.223102603525848
"1","G157-14",2017,-0.99677951763676,-0.426493411040105,-0.127961896448219,-1.35437880042414,0.499347151679163,-0.472819460253741,-0.469269943158362,-0.522279056223828,-0.92611788908292,NA,-0.313366307417216,0.181896629660624
"1","G24-12",2017,0.982803384529213,-0.402635427289535,-0.838356722140761,-1.35437880042414,0.499347151679163,2.42367430552551,-0.244015705344744,0.339563938556483,2.60259406786076,-0.661174247402136,-0.549215706442026,0.162115287308626
"0","G71-16",2017,-0.474080661446868,-0.456325848150586,0.984234897528533,-1.35437880042414,1.6180562211063,2.42367430552551,-0.593058308082963,0.339563938556483,2.60259406786076,-0.661174247402136,-0.461874925480482,0.208233279690351
"1","G113-15",2016,1.60559351105334,0.474175347810742,-0.127961896448219,-1.18981042662959,2.17741075581987,0.213192221115029,0.356662262158237,-0.163177808398699,0.517446093303131,0.0868170424445582,-0.670777130154079,0.224842260471439
"1","G57-16",2016,-1.01902202215548,-0.590113773723486,-0.154739075230543,-0.531536931451374,-1.17871645246154,0.3656392614192,2.09172868856043,-0.809560054483932,0.517446093303131,0.316983620927554,0.471882432688232,0.348234265938173
"1","G13-10",2016,1.32756220456935,-0.225592459390891,0.476755055729348,-1.18981042662959,1.05870168639273,-0.167925379645399,-0.410419736882732,-0.234998057963725,-0.364731895932789,0.341315447672022,-0.603849524846548,0.050891957734031
"1","G103-16",2016,1.32756220456935,-0.225592459390891,0.460619009961104,-1.18981042662959,1.05870168639273,-0.167925379645399,-0.410419736882732,-0.234998057963725,-0.364731895932789,0.341315447672022,-0.603849524846548,0.050891957734031
"0","G128-15",2016,-0.829960733746369,-0.56326856329296,-0.154739075230543,0.126736563726841,-1.17871645246154,-0.930160581166255,-0.593058308082963,-0.522279056223828,-0.92611788908292,-0.941382962312161,0.0285543847874914,0.317271474394116
"1","G17-15",2016,-0.752111967930853,-0.536503012240567,0.4866627321176,-1.02524205283503,0.499347151679163,2.42367430552551,-0.469269943158362,0.339563938556483,2.60259406786076,-0.661174247402136,-0.111790806467721,0.287835482143202
"1","G20-13",2016,1.30531970005064,-0.250764822880642,-0.999067890351156,-1.18981042662959,2.17741075581987,2.42367430552551,-0.487533800278385,0.339563938556483,2.60259406786076,-0.661174247402136,-0.53782828420156,0.0628829963943599
"1","G20-15",2016,0.326649501227008,0.586136603775441,0.618396351668181,-1.18981042662959,1.05870168639273,-0.549042980405827,-0.0532598643133921,-0.66591955535388,-0.685523892018578,2.1029244765437,-0.677485252797757,0.343556118285409
"1","G139-15",2016,-0.42959565240943,-0.557971214647174,-0.154739075230543,-1.02524205283503,-0.0600073830344059,2.42367430552551,-0.406361101967171,0.339563938556483,2.60259406786076,-0.661174247402136,-0.134778672247872,0.311331876374843
"0","G1-11",2016,0.448983276079962,-0.229376279852167,0.385758338610071,-0.531536931451374,2.73676529053344,-0.472819460253741,0.0340007863711625,0.339563938556483,-0.0439398998469999,1.11408336544379,-0.293842086031099,0.0526134777588198
"1","G200-13",2016,-0.229413111740961,-0.198189633313441,0.460619009961104,-0.531536931451374,1.6180562211063,-0.625266500557913,-0.213575943478039,-0.234998057963725,-0.284533896911342,-1.00364711316123,0.0998182025031645,0.0392791307529162
"1","G62-16",2016,1.8613823130186,-0.147725417266741,-0.445728973618973,-1.18981042662959,0.499347151679163,-0.167925379645399,0.447981547758352,-0.234998057963725,-0.364731895932789,0.341315447672022,-0.652393801687818,0.0218227989066328
"1","G153-14",2016,0.0597394470023831,-0.29609100903782,0.756177982412077,-0.531536931451374,-0.619361917747975,-0.167925379645399,-0.489563117736165,-0.234998057963725,0.116456098195895,0.99405516938367,1.02766524375941,0.0876698856330345
"0","G117-14",2016,-0.80771822922765,-0.546022307927356,0.742422664708,-0.531536931451374,-1.17871645246154,-0.472819460253741,-0.5788530858785,2.20689042724716,-0.685523892018578,-0.617507594563786,1.19703970773753,0.298140360754316
"1","G60-14",2016,-0.707626958893415,1.00733556564904,1.07651816971279,-0.36696855765682,-0.0600073830344059,-1.00638410131834,1.02836634068353,-0.737739804918906,0.0362580991744474,1.6571695780916,-0.677485252797757,1.01472494182147
"0","G141-12",2016,-1.23032581508331,0.216039132973598,0.861314781367014,0.620441685110501,1.05870168639273,-0.472819460253741,-0.505797657398408,0.267743688991457,-0.605325892997131,-0.362055471489617,1.6683821047673,0.046672906975984
"1","G37-10",2016,-0.585293184040462,0.737489422226475,-2.82863335990538,-0.531536931451374,-0.619361917747975,-0.167925379645399,2.09781664093377,-0.234998057963725,0.116456098195895,0.99405516938367,1.37952317474452,0.54389064789594
"1","G42-14",2016,-0.362868138853274,0.336603601776566,-1.1572179723107,-0.202400183862267,0.499347151679163,-0.853937061014169,0.898490023385587,-0.737739804918906,-0.605325892997131,0.62986719013178,0.481708040114712,0.113301984728957
"1","G108-14",2016,0.193194474114696,4.28416391480298,-0.244557452196849,-0.696105305245927,-1.17871645246154,-1.00638410131834,3.4574593376466,-0.809560054483932,0.597644092324578,1.27528572484373,-0.677485252797757,18.3540604489
"1","G63-15",2015,1.58335100653462,0.599081252721911,-0.352519862743096,-0.0378318100677131,-0.0600073830344059,-0.930160581166255,-0.126315292793484,-0.66591955535388,-0.525127893975683,-0.668142799231621,-0.677485252797757,0.358898347362854
"1","G30-12",2015,-1.76414592353256,-0.445133705523022,-0.0985995836568241,-0.696105305245927,-0.619361917747975,0.441862781571285,0.141554611633521,-0.66591955535388,0.0362580991744474,-0.61444608013151,2.50078945912824,0.198144015792657
"0","G12-13",2015,1.04953089808537,0.597766872982731,-0.838356722140761,-0.0378318100677131,1.05870168639273,-1.00638410131834,1.36929167359063,-0.306818307528751,-0.845919890061472,1.6623989973771,-0.674095346545761,0.357325234435552
"0","G121-13",2015,1.66119977235014,0.55459149003512,-0.838356722140761,-0.0378318100677131,1.6180562211063,0.213192221115029,0.238961849606977,-0.163177808398699,0.517446093303131,0.0868170424445582,-0.656695193306665,0.307571720819375
"1","G88-13",2015,-0.362868138853274,0.404911518524862,-0.999067890351156,-0.202400183862267,0.499347151679163,-0.777713540862084,-0.536237419265113,-0.594099305788854,-0.845919890061472,1.11606293105838,-0.677393694604727,0.163953337834109
"1","G29-10",2015,-0.80771822922765,-0.459552052964936,0.911213879681628,-0.202400183862267,1.05870168639273,2.42367430552551,-0.469269943158362,0.339563938556483,2.60259406786076,-0.661174247402136,-0.227634451749294,0.211188089384288
"0","G32-12",2015,0.704772078045228,-0.320148141233721,0.849567451474634,-0.0378318100677131,2.73676529053344,2.42367430552551,-0.479416530447264,0.339563938556483,2.60259406786076,-0.661174247402136,-0.446593719684099,0.102494832335407
"1","G68-12",2015,-0.952294508599322,0.17091209526175,0.159721435184423,-0.531536931451374,-0.0600073830344059,0.3656392614192,-0.593058308082963,-0.737739804918906,1.39962408253905,2.73638948042911,1.39372493607274,0.0292109443067616
"0","G48-13",2015,0.326649501227008,0.312307491446269,-0.999067890351156,1.11414680649416,-0.619361917747975,-1.00638410131834,-0.321129768740397,-0.66591955535388,-0.0439398998469999,-1.57732843404257,-0.677485252797757,0.0975359692134612
"1","G1-15",2015,-0.818839481487009,1.10491830386089,0.746823404462976,-0.36696855765682,-0.0600073830344059,-0.777713540862084,0.299841373340387,-0.809560054483932,-0.364731895932789,0.603559804990571,-0.653110700290959,1.22084445820683
"1","G125-14",2015,-1.00790076989612,-0.565976982149453,0.770306040368625,-0.531536931451374,-0.0600073830344059,-0.472819460253741,-0.193282768900236,-0.522279056223828,-0.92611788908292,0.316983620927554,0.0804988092893731,0.320329944323002
"0","G154-13",2015,-0.307261877556477,-0.176601941839636,-0.999067890351156,0.126736563726841,2.17741075581987,-0.930160581166255,-0.0573184992289528,0.052282940296379,-0.0439398998469999,0.993021307180101,-0.663864179338076,0.0311882458615301
"0","G107-11",2015,-0.351746886593915,0.996979846491865,0.849567451474634,0.126736563726841,1.6180562211063,-0.549042980405827,-0.116168705504583,-0.450458806658802,-0.204335897889894,1.16998806157556,-0.674883935009216,0.993968814310943
"0","G52-15",2015,0.0486181947430237,-0.170308850967198,1.2183398238383,-0.531536931451374,1.05870168639273,-0.472819460253741,0.989809308985703,0.339563938556483,-0.0439398998469999,1.11408336544379,-0.428191956682328,0.0290051047177673
"0","G67-12",2015,-0.0403518233318516,0.145699902082934,0.159721435184423,0.126736563726841,1.6180562211063,-0.625266500557913,-0.471299260616142,-0.378638557093776,-0.685523892018578,-0.737223227632128,-0.665810046975173,0.0212284614669764
"1","G54-15",2015,0.0597394470023831,-0.505196876634643,0.618396351668181,-0.531536931451374,-0.0600073830344059,0.3656392614192,-0.593058308082963,-0.809560054483932,0.517446093303131,0.316983620927554,-0.145277140220442,0.255223884161399
"1","G154-14",2015,0.749257087082666,-0.296688454373811,0.69765776277419,-0.0378318100677131,-0.0600073830344059,-0.930160581166255,-0.530149466891772,-0.66591955535388,-0.284533896911342,-1.24644844950412,-0.677343921358852,0.088024038958721
"0","G62-14",2015,-0.418474400150071,-0.534073401207537,2.15294392333147,-0.531536931451374,-1.17871645246154,-0.472819460253741,-0.593058308082963,2.20689042724716,-0.685523892018578,-0.617507594563786,2.20937427351482,0.285234397877387
"1","G23-13",2015,-0.485201913706228,-0.03022783452186,NA,0.126736563726841,-1.17871645246154,-1.15883114162251,0.25925502418478,-0.809560054483932,-0.364731895932789,1.05487672180916,-0.677485252797757,0.00091372197988095
"1","G19-13",2015,1.19410717745704,0.419568844101172,0.511985021527377,-0.0378318100677131,1.05870168639273,-0.701490020709998,-0.0816703087223169,-0.594099305788854,-0.685523892018578,1.2658968134369,-0.66263521030412,0.176038014940394
"1","G106-13",2014,0.649165816748431,-0.365195519567437,-0.838356722140761,0.126736563726841,-0.0600073830344059,-0.625266500557913,-0.593058308082963,-0.234998057963725,-0.284533896911342,-1.14614377966868,-0.293592195660861,0.13336776751213
"1","G183-13",2014,-0.941173256339963,-0.189546590786106,2.15294392333147,-0.36696855765682,-0.0600073830344059,0.3656392614192,-0.593058308082963,-0.737739804918906,1.39962408253905,2.73638948042911,1.9493428604652,0.0359279100786355
"1","G12-10",2014,1.09401590712281,-0.301268868616408,-2.82863335990538,0.949578432699609,-1.17871645246154,-1.00638410131834,-0.406361101967171,-0.737739804918906,-0.92611788908292,-0.743506545210411,-0.677485252797757,0.0907629311974106
"0","G136-12",2014,-0.729869463412134,-0.625681686059479,-0.933934537201694,-0.696105305245927,-0.619361917747975,-0.701490020709998,0.145613246549081,1.20140693333679,-0.284533896911342,-0.542552584805012,0.553779904970211,0.391477572270232
"1","G48-11",2014,-0.273898120778399,-0.506192618861294,-2.82863335990538,0.620441685110501,0.499347151679163,2.42367430552551,-0.593058308082963,0.339563938556483,2.60259406786076,-0.661174247402136,-0.0176865992559721,0.256230967389656
"1","G100-13",2014,-0.563050679521743,0.718570319920095,0.347594546308725,-0.696105305245927,-0.619361917747975,-0.167925379645399,2.11405118059601,-0.234998057963725,0.116456098195895,0.99405516938367,0.918863591042408,0.516343304670068
"0","G21-12",2014,-0.785475724708931,-0.575894574726902,2.81930730371604,0.620441685110501,-1.17871645246154,0.822980382331713,-0.365774752811565,0.195923439426431,0.517446093303131,-0.398449023942395,1.85476550017538,0.331654561199879
"0","G11-14",2014,-1.2859320763801,-0.627673170512782,-1.30547240176111,-0.696105305245927,-0.619361917747975,-0.701490020709998,0.533212880985126,1.20140693333679,-0.284533896911342,-0.542552584805012,1.30689008069684,0.393973608981568
"0","G135-13",2014,-1.05238577893356,-0.621698717152873,0.66573436373195,-0.36696855765682,-1.17871645246154,-1.00638410131834,-0.593058308082963,1.05776643420674,-0.444929894954236,-1.28389590024969,1.303795127013,0.386509294909528
"1","G123-12",2014,-0.418474400150071,-0.450789521370403,0.460619009961104,1.11414680649416,1.6180562211063,2.42367430552551,-0.406361101967171,0.339563938556483,2.60259406786076,-0.661174247402136,-0.0398377419521708,0.203211192577357
"1","G56-13",2014,0.515710789636118,-0.502209649954688,-1.12842078183757,0.455873311315947,1.05870168639273,0.441862781571285,-0.593058308082963,-0.522279056223828,-0.204335897889894,-0.226146671116532,-0.179505976097846,0.252214532507611
"1","G4-12",2014,0.649165816748431,-0.203486981959227,0.805536006166654,-0.696105305245927,0.499347151679163,-0.625266500557913,-0.593058308082963,-0.234998057963725,-0.284533896911342,-1.00364711316123,-0.061453258977737,0.0414069518268749
"0","G6-08",2014,-0.00698806655377337,-0.225393310945561,0.699858132651679,-0.36696855765682,1.05870168639273,-0.472819460253741,1.01821975339463,0.339563938556483,-0.0439398998469999,1.11408336544379,-0.369638751200347,0.0508021446190024
"0","G44-13",2014,-0.785475724708931,-0.575894574726902,0.150919955674472,0.620441685110501,-1.17871645246154,0.822980382331713,-0.365774752811565,0.195923439426431,0.517446093303131,-0.398449023942395,1.85476550017538,0.331654561199879
"1","G51-10",2014,-0.551929427262384,-0.0465580070389452,-0.101533410160141,0.620441685110501,0.499347151679163,-0.0154783393412281,-0.593058308082963,0.052282940296379,-0.124137898868447,0.040032774124128,1.85154560130641,0.00216764801943847
"1","G4-08",2014,-0.0959580846286486,-0.297086751264472,0.699858132651679,-0.696105305245927,-1.17871645246154,-0.167925379645399,-0.39824383213605,-0.234998057963725,0.116456098195895,0.99405516938367,0.910059052054974,0.0882605377768781
"0","G134-12",2014,-0.42959565240943,-0.619747062388636,-0.933934537201694,-0.202400183862267,-1.17871645246154,-0.167925379645399,-0.432742228918316,3.85875616724275,-0.92611788908292,NA,-0.240944186387039,0.384086421339343
"1","G10-10",2014,-0.051473075591211,-0.506192618861294,0.528133091174733,1.11414680649416,1.05870168639273,2.42367430552551,-0.593058308082963,0.339563938556483,2.60259406786076,-0.661174247402136,-0.16761570069432,0.256230967389656
"1","G23-11",2014,-0.707626958893415,0.86263430527204,0.321911540525588,0.455873311315947,0.499347151679163,-0.853937061014169,2.48947491028537,-0.594099305788854,-0.525127893975683,1.71120691070839,-0.667336016859002,0.744137944632175
"1","G14-13",2014,-0.563050679521743,0.499905326947418,-0.999067890351156,0.949578432699609,0.499347151679163,-1.00638410131834,3.12465127457062,-0.737739804918906,0.0362580991744474,0.164452880940494,-0.676000248548393,0.249905335910405
"1","G21-05",2014,0.638044564489072,-0.504878239122114,0.0423082556561799,-0.696105305245927,-1.17871645246154,-0.396595940101656,-0.475357895531703,-0.737739804918906,-0.685523892018578,1.42661830669565,2.8834156540193,0.254902036339047
"1","G15-11",2014,-0.418474400150071,-0.557971214647174,0.476755055729348,0.455873311315947,-0.619361917747975,2.42367430552551,-0.406361101967171,0.339563938556483,2.60259406786076,-0.661174247402136,0.34851237621454,0.311331876374843
"1","G46-13",2014,1.52774474523782,10.5300167760083,-1.15905762581483,-0.202400183862267,-1.17871645246154,-0.930160581166255,6.78553996840636,-0.809560054483932,-0.92611788908292,NA,-0.677485252797757,110.881253303017
"1","G51-12",2014,-1.25256831960203,-0.595809419259933,0.746823404462976,-0.696105305245927,-0.0600073830344059,-0.701490020709998,-0.503768339940628,1.20140693333679,-0.284533896911342,-0.542552584805012,1.08493212831919,0.354988864078858
"1","G109-14",2014,0.415619519301883,-0.00700712579634608,-0.352519862743096,-0.0378318100677131,-1.17871645246154,-0.32037241994957,-0.593058308082963,-0.809560054483932,-0.92611788908292,NA,-0.67685233374527,4.90998119258187e-05
"1","G45-12",2013,0.615802059970353,-0.367585300911401,-0.999067890351156,0.949578432699609,0.499347151679163,0.3656392614192,-0.593058308082963,-0.809560054483932,0.517446093303131,-1.14614377966868,-0.613169206687383,0.135118953446125
"1","G111-10",2013,0.571317050932915,0.51798800578341,0.260998568944423,0.620441685110501,-0.0600073830344059,-0.0917018594933137,-0.406361101967171,-0.306818307528751,-0.92611788908292,NA,-0.677485252797757,0.268311574135474
"0","G50-12",2013,-1.00790076989612,-0.195521044146015,2.15294392333147,-0.36696855765682,-0.0600073830344059,2.04255670476508,-0.593058308082963,0.052282940296379,0.437248094281684,2.73638948042911,1.66996952310283,0.0382284787039479
"0","G102-12",2013,-1.3971445989737,-0.623690201606176,0.150919955674472,-0.202400183862267,-1.17871645246154,-1.00638410131834,-0.593058308082963,1.05776643420674,-0.444929894954236,-1.28389590024969,0.813715048778839,0.388989467579552
"0","G121-11",2013,-0.107079336888008,-0.640657649148318,0.511985021527377,-0.0378318100677131,-1.17871645246154,-0.167925379645399,0.133437341802399,3.85875616724275,-0.92611788908292,NA,-0.267870897921019,0.410442223412249
"1","G47-13",2013,0.838227105157541,-0.273188937824835,0.245583955922896,1.11414680649416,1.6180562211063,-0.625266500557913,-0.258220927549206,-0.378638557093776,-0.685523892018578,-0.737223227632128,-0.630784429507422,0.0746321957498615
"1","G77-11",2013,-0.963415760858682,-0.590631559681345,0.321178083899759,-1.02524205283503,-1.17871645246154,0.3656392614192,2.4245367516364,-0.809560054483932,0.517446093303131,0.316983620927554,0.383783787489083,0.348845639291618
"1","G1-10",2013,-1.0412645266742,-0.0601001013214061,2.10596662764107,-1.18981042662959,-0.619361917747975,0.441862781571285,-0.331276356029299,-0.66591955535388,0.0362580991744474,-0.61444608013151,1.47645913143867,0.00361202217884328
"0","G100-12",2013,-1.18584080604587,-0.623690201606176,-1.15905762581483,-0.202400183862267,-1.17871645246154,-1.00638410131834,-0.593058308082963,1.05776643420674,-0.444929894954236,-1.28389590024969,2.69190028875359,0.388989467579552
"1","G2-13",2013,0.360013258005086,0.232249816423485,0.528133091174733,1.27871518028872,-1.17871645246154,-0.472819460253741,-0.321129768740397,-0.737739804918906,0.276852096238789,-1.57732843404257,-0.677485252797757,0.0539399772287425
"1","G59-11",2013,-0.507444418224946,1.67448285750557,0.746823404462976,0.291304937521394,-0.0600073830344059,-0.777713540862084,1.17447719764371,-0.594099305788854,-0.845919890061472,1.11606293105838,-0.677473270349676,2.80389284008002
"1","G55-12",2013,-0.25165561625968,-0.462220642132363,0.77618571725437,2.26612542305604,1.6180562211063,2.42367430552551,-0.406361101967171,0.339563938556483,2.60259406786076,-0.661174247402136,-0.475837037847086,0.213647922013254
"1","G12-11",2013,-0.207170607222243,0.137056859555598,-2.82863335990538,1.11414680649416,1.05870168639273,-0.549042980405827,-0.369833387727125,-0.450458806658802,-0.204335897889894,1.16998806157556,-0.673870035556203,0.018784582751243
"1","G21-11",2013,0.415619519301883,0.288409678006632,0.770306040368625,-0.696105305245927,-1.17871645246154,-0.701490020709998,0.222727309944734,0.124103189861405,-0.605325892997131,1.86003498140825,-0.456068046795039,0.083180142367889
"1","G103-10",2013,-0.863324490524447,-0.526107463394325,-2.82863335990538,0.785010058905055,-1.17871645246154,0.822980382331713,-0.286631371958131,0.195923439426431,0.517446093303131,-0.398449023942395,2.42371364202281,0.276789063039211
"1","G49-13",2013,1.62783601557206,-0.187555106332803,-0.981464931331253,2.26612542305604,-0.619361917747975,-0.167925379645399,0.588004452345195,-0.234998057963725,-0.364731895932789,0.341315447672022,-0.677485252797757,0.0351769179115089
"1","G18-12",2013,-0.0625943278505704,2.57395672568444,-0.999067890351156,-0.696105305245927,-1.17871645246154,-0.930160581166255,3.12870990948618,-0.737739804918906,-0.124137898868447,1.42038307573149,-0.677485252797757,6.62525322569615
"1","G73-10",2013,-0.885566995043166,-0.375152941833952,0.55308264033204,-0.0378318100677131,-0.0600073830344059,-0.472819460253741,2.29263111688068,-0.522279056223828,-0.92611788908292,NA,-0.20140313186036,0.140739729766669
"1","G2-11",2013,0.86046960967626,0.125625738793639,0.723340768557327,1.27871518028872,-0.0600073830344059,-1.08260762147043,-0.00252692786888364,-0.737739804918906,0.196654097217342,0.127911061427518,-0.677485252797757,0.0157818262474475
"1","G18-08",2013,-1.03014327441484,-0.0601001013214061,-0.0985995836568241,-1.18981042662959,0.499347151679163,0.3656392614192,0.0522646434911856,-0.737739804918906,1.39962408253905,2.73638948042911,0.631218267940653,0.00361202217884328
"1","G69-10",2012,0.315528248967649,0.371972365667229,-0.245375075976462,0.620441685110501,-1.17871645246154,-0.0917018594933137,-0.406361101967171,-0.306818307528751,-0.92611788908292,NA,-0.676358697849964,0.138363440820074
"1","G80-11",2012,-0.26277686851904,-0.29609100903782,2.10596662764107,-0.531536931451374,1.05870168639273,-0.167925379645399,-0.491592435193946,-0.234998057963725,0.116456098195895,0.99405516938367,0.453569769941423,0.0876698856330345
"0","G1-12",2012,-0.985658265377401,-0.632811200402304,0.159721435184423,-0.36696855765682,-0.0600073830344059,-0.701490020709998,-0.39621451467827,1.20140693333679,-0.284533896911342,-0.542552584805012,0.164175214248004,0.400450015354605
"1","G21-07",2012,-0.674263202115337,0.332899440693422,-0.0985995836568241,-0.531536931451374,1.6180562211063,-0.167925379645399,0.622502849127461,-0.234998057963725,0.116456098195895,0.99405516938367,0.838833127551181,0.110822037613993
"1","G21-10",2012,-0.42959565240943,-0.555979730193871,2.33788320795246,0.949578432699609,1.05870168639273,2.42367430552551,-0.406361101967171,0.339563938556483,2.60259406786076,-0.661174247402136,-0.303231409450524,0.30911346038645
"1","G72-10",2012,1.54998724975654,-0.401321047550355,0.412174801019037,1.93698867546693,0.499347151679163,0.441862781571285,-0.150667102286848,-0.522279056223828,-0.204335897889894,-0.226146671116532,-0.582240152666152,0.161058583206914
"1","G24-10",2012,-0.952294508599322,0.193495528962207,0.388692165113387,-0.36696855765682,0.499347151679163,0.3656392614192,-0.593058308082963,-0.737739804918906,1.39962408253905,2.73638948042911,0.986732381801777,0.0374405197283644
"1","G19-11",2012,-1.00790076989612,1.71132531989168,0.55308264033204,-0.860673679040481,-0.0600073830344059,-0.777713540862084,0.815288007616593,-0.809560054483932,-0.364731895932789,0.603559804990571,-0.661098999011674,2.92863435050235
"1","M-10-01",2012,-0.941173256339963,-0.461065581149447,0.693990479645044,0.291304937521394,-1.17871645246154,0.822980382331713,-0.593058308082963,0.195923439426431,0.517446093303131,-0.398449023942395,3.48151596549303,0.212581470120677
"1","G48-12",2012,-0.162685598184805,-0.173614715159681,0.597114085640021,1.44328355408327,1.05870168639273,-0.625266500557913,-0.33939362586042,-0.378638557093776,-0.685523892018578,-0.737223227632128,-0.63785100145267,0.0301420693199772
"0","G50-11",2012,-1.05238577893356,-0.632811200402304,0.321178083899759,-0.36696855765682,-0.0600073830344059,-0.701490020709998,-0.114139388046802,1.20140693333679,-0.284533896911342,-0.542552584805012,0.136104537371583,0.400450015354605
"0","G19-12",2012,-0.829960733746369,0.316290460352875,0.423922130911417,0.291304937521394,-1.17871645246154,-1.15883114162251,1.37335030850619,-0.737739804918906,-0.92611788908292,NA,-0.371815050531311,0.100039655310233
"1","G32-07",2012,-0.140443093666086,-0.484963394589084,-0.0985995836568241,-0.531536931451374,0.499347151679163,0.3656392614192,-0.503768339940628,-0.809560054483932,0.517446093303131,0.316983620927554,-0.322078673727104,0.235189494091367
"1","M-06-09",2011,0.593559555451634,-0.365195519567437,0.388692165113387,0.455873311315947,-0.0600073830344059,0.441862781571285,-0.503768339940628,-0.0913575588336728,0.116456098195895,-1.14614377966868,-0.506405594285023,0.13336776751213
"0","D-11-27",2011,1.88362481753732,-0.184886517165377,0.388692165113387,2.10155704926148,-0.0600073830344059,0.213192221115029,-0.593058308082963,-0.163177808398699,0.517446093303131,0.341315447672022,-0.634983407040105,0.0341830242295431
"1","G111-10",2011,0.515710789636118,-0.0254084421448665,0.260998568944423,0.785010058905055,-0.619361917747975,-0.32037241994957,-0.229810483140282,-0.809560054483932,-0.92611788908292,NA,-0.670367473809427,0.000645588932229026
"0","D-10-70",2011,-1.59732713964217,-0.627673170512782,0.55308264033204,-0.36696855765682,-0.619361917747975,-0.701490020709998,-0.0715237214334152,1.20140693333679,-0.284533896911342,-0.542552584805012,1.56496231227817,0.393973608981568
"0","M-09-04",2011,-1.44162960801114,-0.589237520564033,0.664628166853649,-0.531536931451374,-1.17871645246154,-0.701490020709998,-0.593058308082963,1.20140693333679,-0.284533896911342,-0.542552584805012,0.764714005113283,0.347200855640449
"1","G26-09",2011,1.23859218649448,-0.21145291977244,0.849567451474634,2.10155704926148,-0.619361917747975,-0.0917018594933137,-0.491592435193946,-0.378638557093776,-0.364731895932789,-0.743506545210411,-0.677202589919947,0.0447123372802898
"0","D-11-20",2011,1.65007852009078,0.156971704088629,NA,2.10155704926148,1.05870168639273,0.213192221115029,0.238961849606977,-0.163177808398699,0.517446093303131,0.0868170424445582,-0.63242305488603,0.0246401158844881
"0","D-11-19",2011,-1.11911329248971,-0.56195418355378,-0.574156026413768,1.27871518028872,-0.0600073830344059,-0.777713540862084,-0.526090831976211,-0.66591955535388,-0.92611788908292,-0.617507594563786,1.93139069530168,0.315792504413596
"1","G66-10",2011,-0.362868138853274,0.380017962858573,0.423922130911417,0.126736563726841,-0.0600073830344059,-0.777713540862084,-0.422595641629414,-0.594099305788854,-0.845919890061472,1.11606293105838,-0.667346258267618,0.14441365209518
"0","D-10-74",2011,-1.21920456282395,-0.432507694089081,0.423922130911417,-0.202400183862267,-0.619361917747975,0.441862781571285,-0.444918133664998,-0.66591955535388,0.0362580991744474,-0.61444608013151,2.83952097668983,0.187062905446254
"1","G13-08",2011,1.79465479946245,-0.202491239732576,0.382824512106753,2.10155704926148,1.05870168639273,0.441862781571285,-0.144579149913507,-0.522279056223828,-0.204335897889894,-0.226146671116532,-0.593812944402573,0.0410027021684355
"0","D-11-26",2011,0.993924636788572,0.157250511912091,0.388692165113387,0.126736563726841,-0.619361917747975,-0.396595940101656,-0.422595641629414,-0.809560054483932,-0.0439398998469999,-0.976898934057255,-0.677485252797757,0.0247277234966148
"1","G5-07",2011,0.693650825785869,0.470909313307325,0.576565276237689,1.11414680649416,-0.0600073830344059,-1.08260762147043,-0.404331784509391,-0.809560054483932,-0.92611788908292,NA,-0.677485252797757,0.221755581359577
"0","D-10-67",2011,-0.785475724708931,-0.625681686059479,0.55308264033204,-0.531536931451374,-0.619361917747975,-0.701490020709998,0.73411530930538,1.20140693333679,-0.284533896911342,-0.542552584805012,0.700016978602382,0.391477572270232
"0","G105-10",2011,-0.118200589147367,-0.639980544434195,0.306496927504061,0.455873311315947,-1.17871645246154,-0.167925379645399,0.204463452824711,3.85875616724275,-0.92611788908292,NA,-0.251858455549432,0.409575097254288
"0","D-11-31",2011,-2.04217723001654,0.609038674988426,0.723340768557327,0.620441685110501,-1.17871645246154,-0.472819460253741,0.324193182833751,0.267743688991457,-0.605325892997131,-0.362055471489617,0.481467367012229,0.370928107631658
"1","G10-07",2011,-0.763233220190212,-0.575894574726902,0.693990479645044,0.620441685110501,-0.619361917747975,0.822980382331713,-0.365774752811565,0.195923439426431,0.517446093303131,-0.398449023942395,2.59489161805826,0.331654561199879
"1","G106-11",2011,1.66119977235014,-0.100288257589062,0.260998568944423,1.27871518028872,-0.0600073830344059,-0.853937061014169,-0.593058308082963,-0.809560054483932,-0.92611788908292,NA,-0.677485252797757,0.0100577346102501
"0","D-11-17",2011,0.337770753486368,0.515438905683182,1.06973670189365,-0.531536931451374,-0.0600073830344059,-0.472819460253741,-0.205458673646918,0.339563938556483,-0.0439398998469999,1.11408336544379,-0.413104313508792,0.265677265491876
"1","G4-07",2011,0.193194474114696,-0.215435888679046,0.740955751456342,0.949578432699609,1.05870168639273,-0.625266500557913,-0.0897875785534382,-0.378638557093776,-0.685523892018578,-0.737223227632128,-0.618392325081697,0.0464126221309302
"1","G16-10",2011,-1.01902202215548,-0.431591611240561,-2.82863335990538,0.949578432699609,0.499347151679163,-0.472819460253741,-0.593058308082963,-0.522279056223828,-0.92611788908292,NA,-0.212975923596781,0.186271318893224
"0","G102-11",2011,-0.61865694081854,-0.59250355506745,-2.82863335990538,0.949578432699609,-0.619361917747975,-0.472819460253741,-0.593058308082963,2.20689042724716,-0.685523892018578,-0.617507594563786,2.02532182270782,0.351060462767566
"0","D-10-30",2010,-0.829960733746369,-0.135776510546923,0.412174801019037,-0.0378318100677131,-0.619361917747975,2.04255670476508,-0.593058308082963,0.052282940296379,0.437248094281684,0.114350636245818,2.12186041274766,0.0184352608162986
"0","D-10-33",2010,1.41653222264423,-0.0871842898863279,1.10790049419499,-0.0378318100677131,-0.0600073830344059,-1.00638410131834,-0.21966389585138,-0.66591955535388,-0.0439398998469999,-1.57732843404257,-0.677485252797757,0.00760110040298325
"0","D-10-29",2010,-0.42959565240943,-0.555979730193871,-0.0985995836568241,0.949578432699609,1.6180562211063,2.42367430552551,-0.593058308082963,0.339563938556483,2.60259406786076,-0.661174247402136,-0.483111510387245,0.30911346038645
"0","D-10-39",2010,-1.13023454474907,0.111725177309583,0.911213879681628,0.785010058905055,-1.17871645246154,-0.625266500557913,0.131408024344619,-0.737739804918906,-0.685523892018578,0.392675958769495,-0.677485252797757,0.0124825152448578
"0","D-10-25",2010,1.6723210246095,-0.397338078643748,0.412174801019037,1.60785192787782,0.499347151679163,0.441862781571285,-0.0857289436378775,-0.522279056223828,-0.204335897889894,-0.226146671116532,-0.57640254975486,0.157877548740306
"1","G72-10",2010,-0.763233220190212,-0.439557549053774,0.412174801019037,0.455873311315947,-0.619361917747975,-0.396595940101656,-0.0248494199044674,0.052282940296379,-0.92611788908292,NA,-0.203908180407908,0.193210838930161
"1","M-06-06",2010,-0.785475724708931,-0.455768232503661,0.55308264033204,1.27871518028872,0.499347151679163,2.42367430552551,-0.469269943158362,0.339563938556483,2.60259406786076,-0.661174247402136,-0.567479210427476,0.207724681759511
"0","G12-08",2010,1.32756220456935,-0.628190956470641,0.382824512106753,0.455873311315947,-0.619361917747975,-0.625266500557913,0.709763499812016,0.698665186381612,-0.92611788908292,NA,-0.231363348626489,0.394623877791498
"0","D-10-27",2010,0.282164492189571,0.237029379111412,0.658760513847015,-0.0378318100677131,-0.0600073830344059,-1.00638410131834,-0.321129768740397,-0.66591955535388,-0.0439398998469999,-1.57732843404257,-0.677485252797757,0.0561829265619417
"1","G28-06",2010,0.104224456039821,0.172505282824393,0.306496927504061,0.785010058905055,-1.17871645246154,-0.625266500557913,-0.513914927229529,-0.378638557093776,-0.685523892018578,-0.737223227632128,-0.676133386860405,0.0297580726023238
"0","D-10-22",2010,-0.563050679521743,-0.0787005661152567,-0.186662474272785,0.126736563726841,-0.619361917747975,-0.0154783393412281,-0.538266736722893,0.052282940296379,-0.124137898868447,0.040032774124128,1.0627246578756,0.0061937791068619
"0","D-10-20",2010,-1.63069089642025,-0.443779496094776,-0.574156026413768,-0.531536931451374,-1.17871645246154,-0.244148899797485,-0.292719324331472,-0.66591955535388,0.677842091346025,-0.61444608013151,2.93509380189715,0.196940241154133
"1","G33-09",2010,-1.49723586930793,-0.59381793480663,0.849567451474634,-0.531536931451374,-0.619361917747975,-0.701490020709998,-0.357657482980443,1.20140693333679,-0.284533896911342,-0.542552584805012,0.718635859466818,0.352619739698011
"0","D-08-15",2009,0.537953294154837,1.91489486070832,0.412174801019037,-0.36696855765682,-0.619361917747975,-1.08260762147043,4.36050560635885,-0.809560054483932,0.116456098195895,1.63956186288818,-0.677485252797757,3.66682232756713
"1","G14-06",2009,1.6723210246095,-0.20790807744556,2.38484847976376,0.949578432699609,-0.0600073830344059,2.42367430552551,-0.193282768900236,0.339563938556483,2.60259406786076,0.0868170424445582,-0.571838978075436,0.043225768667109
"0","D-08-20",2009,-1.15247704926779,0.115150530569264,1.06973670189365,0.126736563726841,-1.17871645246154,-1.00638410131834,0.0218248816244805,-0.737739804918906,-0.444929894954236,0.392675958769495,-0.677485252797757,0.0132596446903831
"0","D-09-23",2009,0.949439627751134,0.976148919110315,0.658760513847015,-0.36696855765682,0.499347151679163,-0.549042980405827,0.312017278087069,-0.737739804918906,-0.364731895932789,0.0740941257921076,-0.677485252797757,0.952866712280236
"1","G23-07",2009,-0.685384454374697,-0.441071077238284,2.44356108146743,0.455873311315947,-1.17871645246154,-0.396595940101656,0.0563232784067463,0.052282940296379,-0.92611788908292,NA,-0.417252083998395,0.19454369517614
"1","G13-07",2009,-0.696505706634056,0.289604568678614,-0.574156026413768,-0.36696855765682,-0.619361917747975,0.3656392614192,-0.0796409912645365,-0.737739804918906,1.39962408253905,2.73638948042911,0.495894439330013,0.0838708061995258
"0","D-09-22",2009,1.11625841164153,0.492735982915527,0.388692165113387,0.949578432699609,-0.0600073830344059,0.441862781571285,-0.593058308082963,-0.0913575588336728,0.116456098195895,-1.14614377966868,-0.595144327522692,0.24278874885973
"0","D-08-02",2008,1.6723210246095,-0.160431088078815,-0.245375075976462,1.60785192787782,-0.619361917747975,-0.167925379645399,-0.593058308082963,-0.234998057963725,-0.364731895932789,0.341315447672022,-0.676041214182858,0.0257381340221525
"0","D-08-03",2008,0.0374969424836643,-0.611741294886357,0.699858132651679,-0.531536931451374,-1.17871645246154,-1.15883114162251,-0.0958755309267793,-0.594099305788854,-0.92611788908292,0.397941443015581,-0.364618412696636,0.374227411869237
"1","G7-03",2008,-0.563050679521743,0.910151124327851,-0.574156026413768,0.455873311315947,-0.619361917747975,-0.549042980405827,0.236932532149197,-0.450458806658802,-0.204335897889894,1.16998806157556,-0.677485252797757,0.828375069115252
"0","D-07-23",2008,-1.0412645266742,-0.0680660391346184,-0.186662474272785,-0.0378318100677131,-1.17871645246154,0.3656392614192,-0.485504482820605,-0.737739804918906,1.39962408253905,2.73638948042911,0.581760457450809,0.0046329856834754
"1","G17-05",2008,-1.20808331056459,-0.200300606833942,0.55308264033204,0.785010058905055,-1.17871645246154,-0.777713540862084,-0.593058308082963,-0.66591955535388,-0.92611788908292,-0.398449023942395,-0.0418768064076765,0.0401203330980456
"1","G100-11",2008,-0.0403518233318516,-0.598199200603896,0.740955751456342,0.455873311315947,-1.17871645246154,-0.167925379645399,0.100968262477914,3.85875616724275,-0.92611788908292,NA,-0.429522315661586,0.357842283603141
"1","G9-07",2008,-0.896688247302525,-0.470345898701839,0.365209529207739,-0.36696855765682,0.499347151679163,0.822980382331713,-0.593058308082963,0.195923439426431,0.517446093303131,-0.398449023942395,1.89048446100645,0.221225264425641
"1","D-07-27",2008,-0.118200589147367,-0.478311836515051,1.06973670189365,-0.0378318100677131,0.499347151679163,-0.625266500557913,-0.51594424468731,-0.234998057963725,-0.284533896911342,-1.00364711316123,-0.458849613375227,0.228782212950401
"1","G18-07",2007,-0.774354472449572,-0.351334787772447,0.952311498486291,-0.0378318100677131,-0.619361917747975,-0.930160581166255,-0.593058308082963,-0.522279056223828,-0.92611788908292,NA,-0.671555477208918,0.123436133099111
"1","M-05-02",2007,-1.14135579700843,-0.135776510546923,0.55308264033204,0.126736563726841,-0.619361917747975,2.04255670476508,-0.593058308082963,0.052282940296379,0.437248094281684,0.114350636245818,0.450208539633553,0.0184352608162986
"1","G11-06",2007,1.29419844779128,0.0534145125168691,0.412174801019037,-0.0378318100677131,-1.17871645246154,-0.244148899797485,0.381014071651601,-0.809560054483932,-0.92611788908292,-1.13353707233369,-0.677485252797757,0.00285311014741477
"0","M-05-08",2007,1.83913980849989,-0.182576395199545,-1.32564847091097,2.10155704926148,-0.619361917747975,0.441862781571285,-0.144579149913507,-0.522279056223828,-0.204335897889894,-0.226146671116532,-0.657924162340621,0.0333341400840605
"0","D-07-15",2007,-0.596414436299822,-0.443898985161974,0.259531655692764,-0.0378318100677131,-1.17871645246154,-0.396595940101656,0.0563232784067463,0.052282940296379,-0.92611788908292,NA,-0.618392325081697,0.197046309027831
"1","D-07-10",2007,-0.941173256339963,-0.0667516593954383,-0.186662474272785,0.291304937521394,-0.619361917747975,-0.167925379645399,-0.536237419265113,-0.234998057963725,0.116456098195895,0.99405516938367,0.131411923943593,0.00445578403204461
"1","G3-05",2007,0.838227105157541,-0.25028686661185,0.259531655692764,0.291304937521394,-0.619361917747975,-0.625266500557913,-0.503768339940628,-0.234998057963725,-0.284533896911342,1.11408336544379,-0.61747059830623,0.0626435155983777
"1","G2-07",2006,1.06065215034473,-0.322378603821421,0.00121063685151672,1.93698867546693,-0.619361917747975,-0.0917018594933137,-0.593058308082963,-0.378638557093776,-0.364731895932789,-0.743506545210411,-0.677485252797757,0.103927964201849
"1","G6-03",2006,-0.696505706634056,-0.444416771119833,0.412174801019037,-0.0378318100677131,-1.17871645246154,-0.396595940101656,0.0563232784067463,0.052282940296379,-0.92611788908292,NA,-0.532181171490531,0.197506266452578
"0","D-05-23",2006,-1.21920456282395,-0.375750387169943,-0.0105366930408637,2.10155704926148,-1.17871645246154,-0.777713540862084,-0.491592435193946,-0.66591955535388,-0.92611788908292,0.203723615804755,-0.303425996214234,0.141188353458362
"0","D-06-12",2006,-0.729869463412134,-0.253274093291804,-0.186662474272785,0.126736563726841,-0.0600073830344059,-0.0154783393412281,-0.256191610091426,0.052282940296379,-0.124137898868447,0.040032774124128,0.448395810308468,0.0641477663327855
"1","M-02-09",2005,0.927197123232416,-0.313217775336227,-0.0105366930408637,2.59526217064514,-0.619361917747975,-0.0917018594933137,-0.593058308082963,-0.378638557093776,-0.364731895932789,-0.743506545210411,-0.677485252797757,0.0981053747865749
"0","D-04-13",2005,-1.46387211252985,-0.474328867608445,-2.82863335990538,1.44328355408327,0.499347151679163,0.441862781571285,-0.296777959247033,-0.66591955535388,0.0362580991744474,-0.61444608013151,1.00531439359519,0.22498787464671
"1","M-04-04",2005,1.69456352912821,-0.38670355166311,0.412174801019037,3.25353566582336,-0.0600073830344059,0.441862781571285,-0.209517308562478,-0.522279056223828,-0.204335897889894,-0.226146671116532,-0.674197760631924,0.149539636868864
"0","M-04-02",2005,-0.551929427262384,0.898998811389354,-0.0105366930408637,2.59526217064514,-1.17871645246154,-0.549042980405827,1.30638283239944,-0.450458806658802,-0.204335897889894,1.16998806157556,-0.677485252797757,0.808198862879471
"1","G14-05",2005,1.06065215034473,-0.626159642328272,0.740955751456342,-0.0378318100677131,-0.619361917747975,-0.167925379645399,0.188228913162468,3.85875616724275,-0.92611788908292,NA,-0.664990734285869,0.392075897680669
"0","D-05-13",2005,-0.918930751821244,0.277137876000936,0.740955751456342,-0.0378318100677131,-0.619361917747975,-0.396595940101656,1.3408812291817,0.052282940296379,-0.92611788908292,NA,-0.677263014230783,0.0768054023143104
"1","M-02-08",2004,1.5055022407191,0.0491527357868006,-0.0105366930408637,0.949578432699609,-1.17871645246154,-0.549042980405827,-0.260250245006987,-0.737739804918906,0.517446093303131,-1.13353707233369,-0.677485252797757,0.00241599143532703
"0","D-04-07",2004,-0.563050679521743,-0.617715748246267,0.412174801019037,0.291304937521394,-1.17871645246154,-1.00638410131834,-0.572765133505159,1.05776643420674,-0.444929894954236,-1.28389590024969,-0.474455471824747,0.381572745631445
"0","D-03-15",2004,-0.740990715671494,-0.445452343035551,-0.29234034778776,0.291304937521394,-0.619361917747975,-0.396595940101656,-0.110080753131242,0.052282940296379,-0.92611788908292,NA,-0.669343332947797,0.198427789915862
"1","M-02-07",2004,0.148709465077258,0.198792877607993,0.412174801019037,3.0889672920288,-0.619361917747975,-0.625266500557913,-0.434771546376096,-0.378638557093776,-0.685523892018578,-0.737223227632128,-0.677485252797757,0.0395186081876666
"1","G2-02",2003,1.19410717745704,-0.624765603210959,-1.32564847091097,0.126736563726841,-1.17871645246154,-0.167925379645399,-0.351569530607102,3.85875616724275,-0.92611788908292,NA,-0.677061258481042,0.390332058955554
"1","M-02-03",2003,0.47122578059868,-0.248295382158546,-1.32564847091097,1.93698867546693,-1.17871645246154,-0.472819460253741,0.0197955641667002,0.339563938556483,-0.0439398998469999,1.11408336544379,-0.677387549759557,0.0616505968012586
"1","M-00-06",2003,0.638044564489072,-0.446448085262202,-0.574156026413768,3.0889672920288,-1.17871645246154,0.3656392614192,-0.593058308082963,-0.809560054483932,0.517446093303131,-0.226146671116532,-0.654544497497241,0.199315892834287
"1","G1-02",2002,1.98371608787156,-0.0712524142599033,-1.32564847091097,4.40551428238523,-1.17871645246154,-0.0917018594933137,-0.440859498749437,-0.378638557093776,-0.364731895932789,-0.668142799231621,-0.677485252797757,0.00507690653786487
"1","M-00-01",2002,0.715893330304587,-0.317160914553767,-1.32564847091097,1.93698867546693,-1.17871645246154,-0.0917018594933137,-0.593058308082963,-0.306818307528751,-0.92611788908292,NA,-0.677485252797757,0.100591045720582
"0","D-01-18",2001,1.39428971812551,-0.590113773723486,-1.32564847091097,-0.202400183862267,-0.619361917747975,-0.167925379645399,-0.495651070109506,3.85875616724275,-0.92611788908292,NA,-0.674689348245507,0.348234265938173
"1","M-00-04",2001,0.393377014783165,-0.195521044146015,-1.32564847091097,1.27871518028872,-1.17871645246154,-0.472819460253741,-0.205458673646918,0.339563938556483,-0.0439398998469999,1.11408336544379,-0.638158243711159,0.0382284787039479
"0","D-00-15",2001,1.10513715938217,-0.623690201606176,-1.32564847091097,-0.202400183862267,-0.0600073830344059,-0.167925379645399,0.0299421514556018,3.85875616724275,-0.92611788908292,NA,-0.657002435565154,0.388989467579552
"1","M-98-02",1999,0.649165816748431,-0.336518143439873,1.68032130707785,3.25353566582336,-0.619361917747975,0.441862781571285,-0.593058308082963,-0.0913575588336728,0.116456098195895,-1.14614377966868,-0.675785178967451,0.113244460864219
