"fate","id","Spring","terrRug","humPop","fi","mooseHunt","wolfNeighbour","dogattack","artificial_area_total","killedWolves","sheepAttacks","IncAvg1998_2021","bearDensity"
"1","G13-16",2020,0.366,11.1,0.205933,2.6,5,14,0,6,7,NA,5.56e-06
"1","G77-14",2020,0.393,27.233,0.287476,2.6,3,6,9e-04,3,3,NA,5.29e-06
"1","G6-12",2020,0.393,27.233,0,2.6,3,6,9e-04,3,3,NA,5.29e-06
"1","G302-17",2020,0.189,32.497,0.222382,1.8,4,8,0.00797,11,0,NA,0.000272481
"1","G27-19",2020,0.179,14.411,0.206153,1.8,4,8,0.00315,11,0,NA,0.000283518
"0","G151-15",2020,0.182,2.25,0.233883,2.6,0,26,0,14,18,NA,0.003519126
"1","G122-14",2020,0.397,11.008,0.214123,2.4,3,13,0,8,7,NA,6.91e-05
"0","G132-11",2020,0.19,7.573,0.165527,1.8,7,8,0.00149,11,0,NA,0.000377483
"0","G230-19",2020,0.166,5.95,0.175194,2.6,4,42,0.00096,12,17,NA,0.003679224
"1","G224-19",2020,0.216,5.094,0.235592,2.6,1,47,0.00092,16,44,NA,0.000470244
"1","G246-17",2020,0.38,6.5,0.169262,2.6,1,47,0.00279,16,44,NA,0.000161206
"0","G171-17",2020,0.158,13.95,0.175194,2.5,3,42,0,12,17,NA,0.003540376
"0","G38-19",2020,0.243,1.375,0.235942,1.8,0,13,0,65,0,NA,0.00025214
"1","G123-14",2020,0.203,16.65,0.214123,2.3,0,2,0.00315,1,6,NA,0
"1","G319-17",2020,0.222,67.32,0.222382,2,4,4,0.00449,4,10,NA,1.1e-05
"1","G166-14",2020,0.208,44.1,0.157578,2.3,3,8,0.01056,5,9,NA,0
"1","G181-19",2020,0.36,30.62,0.134041,2.6,2,21,0,10,13,NA,6.41e-06
"1","G166-16",2019,0.208,5.004,0.224609,2.2,3,47,0.00034,16,44,233516.125,0.000405387
"1","G117-15",2019,0.356,30.52,0.224609,2.3,5,21,0.00075,10,13,228473.458333333,5.25e-05
"1","G29-18",2019,0.266,5.152,0.206949,2.2,3,47,0.00056,16,44,233516.125,0.000245285
"1","G195-17",2019,0.153,1.893,0.243233,2.4,0,20,0.00222,0,18,243686.916666667,0.001373537
"1","G12-16",2019,0.033,39.667,0.231424,2.9,0,0,0.02917,0,0,252304.583333333,0.000726603
"1","G13-16",2019,0.375,11.133,0.205933,2.3,3,14,0.00047,6,7,232660.041666667,2.38e-10
"1","G11-11",2019,0.332,8.59,0.261963,1.9,3,6,0.00044,0,0,NA,0.00012494
"1","G113-17",2019,0.238,42.4,0.244385,2.3,5,2,0.01582,1,12,242100.916666667,3.38e-11
"1","G254-17",2019,0.441,14.375,0.218197,2.5,2,1,0.00581,1,3,235497.458333333,0
"1","G172-14",2019,0.293,18.642,0.139008,1.9,3,12,0.00129,0,0,NA,2.04e-05
"0","G196-17",2019,0.259,1.114,0.226028,1.8,1,13,0.00342,65,0,NA,0.000275593
"1","G136-15",2019,0.367,29.875,0.214912,2.3,2,21,0.00108,10,13,228473.458333333,0.000107916
"1","G173-16",2019,0.161,13.925,0.067337,2.8,1,42,0.00025,12,17,241579.958333333,0.003921846
"0","G141-13",2019,0.193,7.569,0.139008,1.8,3,9,0.01523,4,0,NA,0.000503717
"1","G175-17",2019,0.326,9.592,0.218197,2.1,5,14,0,7,0,NA,1.3e-06
"1","G111-17",2019,0.409,31.517,0.238016,2.3,4,18,0.00412,9,18,241293.666666667,3.99e-05
"1","G258-17",2019,0.36,9.401,0.206949,2.3,5,14,0.00084,6,7,232660.041666667,3.26e-10
"1","G31-17",2018,0.398,20.24,0.231424,2.8,0,12,0.00043,0,0,NA,0
"1","G161-17",2018,0.108,5.6,0.206153,2.4,2,12,0.00208,2,20,230253.166666667,0.002379911
"0","G126-15",2018,0.291,17.971,0.304016,2.4,2,6,0.00704,13,4,259731.416666667,0.000128382
"1","G32-14",2018,0.15,1.891,0.157578,2.3,0,20,0.00222,0,18,243686.916666667,0.001254951
"1","G130-17",2018,0.196,57.057,0.319611,2.1,2,4,0.00388,3,5,260597.708333333,2.84e-05
"1","G143-14",2018,0.317,142.535,0.217712,2.7,0,5,0.01087,0,0,NA,0
"0","G16-17",2018,0.248,12.4,0.287476,2.3,2,3,0.00184,12,11,250716.291666667,3.83e-05
"1","G19-17",2018,0.434,19.125,0.231424,2,4,18,0.00385,9,18,241293.666666667,6.45e-05
"0","G157-15",2018,0.384,1.708,0.157578,1.8,2,7,0.00088,21,0,NA,0.000231545
"1","G110-14",2018,0.38,10.41,0.29718,1.9,5,47,0.00056,16,44,233516.125,0.000155126
"0","G12-12",2018,0.223,66.02,0.297363,2.1,4,4,0.00408,4,10,241864.291666667,1.27e-05
"1","G109-17",2018,0.357,6.9,0.242455,2,4,21,0.00248,10,13,228473.458333333,6.9e-05
"1","G168-15",2018,0.399,14.775,0.218197,2,4,13,0,8,7,243939.916666667,2.67e-11
"0","G144-16",2018,0.183,3.6,0.214912,2.9,3,26,0.00154,14,18,236247.916666667,0.002018968
"0","G139-14",2018,0.252,1.677,0.157578,1.8,2,13,0.00085,65,0,NA,0.000380475
"0","G188-13",2018,0.432,19.733,0.152161,2,2,13,0.00426,8,7,243939.916666667,1.9e-05
"0","G105-16",2018,0.432,19.733,0.224609,2,2,13,0.00426,8,7,243939.916666667,1.9e-05
"1","G80-13",2018,0.252,12.575,0.126678,2.3,3,7,0,6,3,232725.375,8.3e-06
"1","G47-16",2018,0.163,15.667,0.266815,2.4,3,21,3e-04,2,12,234002,0.00235198
"0","G204-17",2018,0.355,6.567,0.233883,2,2,47,0.00056,16,44,233516.125,0.000301444
"1","G112-17",2018,0.127,5.6,0.125,2.4,3,21,0.00179,2,12,234002,0.002553405
"0","G125-16",2018,0.22,2.9,0,2,4,47,0,16,44,233516.125,0.000464143
"1","G107-16",2017,0.353,149.427,0.3106,2.1,3,14,0.00149,7,0,NA,7.4e-06
"1","G73-15",2017,0.225,2.7,0.214912,1.9,2,47,0.00092,16,44,233516.125,0.000488002
"1","G48-14",2017,0.277,18,0.205505,2.3,8,6,0.00293,13,4,259731.416666667,2.06e-05
"0","G116-14",2017,0.199,10.5,0.296997,2.9,2,15,0.00121,12,10,240807.208333333,0.002214292
"0","G146-16",2017,0.355,30.02,0.214912,1.8,5,21,0.00227,10,13,228473.458333333,3.17e-06
"1","G49-16",2017,0.331,10.75,0.299316,2.2,4,7,1e-05,8,8,229955.125,0.000194455
"0","G30-16",2017,0.205,1,0.228912,2.2,0,6,0.00503,28,8,234749.541666667,0.001409138
"1","G61-14",2017,0.035,39.7,0.222382,2.9,0,4,0.02939,4,0,252304.583333333,0.000263776
"1","G27-12",2017,0.366,11.525,0.261963,1.8,1,13,4e-05,8,7,243939.916666667,0
"0","G130-14",2017,0.192,2.5,0.26416,2.4,0,1,0.00032,6,2,231850.166666667,0.000615432
"1","G11-13",2017,0.325,10.275,0.165527,2.2,5,7,0.00085,6,3,232725.375,2.98e-05
"1","G65-16",2017,0.241,12.54,0.336578,2.3,6,1,0.00592,3,8,221662.166666667,3.91e-05
"1","G16-12",2017,0.325,1.699,0,1.8,1,7,0.0011,21,0,NA,0.000208765
"1","G148-15",2017,0.195,5.132,0.273621,1.8,5,47,0.00061,16,44,233516.125,0.000301059
"1","G125-15",2017,0.178,5.167,0.067337,2.7,1,42,0,12,17,241579.958333333,0.002574429
"0","G74-12",2017,0.284,23.283,0.152161,2.2,3,7,0.00132,6,3,232725.375,0
"1","G180-13",2017,0.165,15.567,0.296997,2.2,4,21,6e-04,2,12,234002,0.002337781
"0","G41-12",2017,0.361,6.8,0.35199,1.8,5,21,0.00158,10,13,228473.458333333,8.45e-06
"0","G103-15",2017,0.312,11.967,0.222382,2.2,3,6,0.00026,2,2,254517.625,0.000281592
"1","G12-09",2017,0.372,13.333,0.305908,1.8,5,21,0.00331,4,9,238039.5,2.2e-05
"1","G2-16",2017,0.325,13.319,0.139008,2,4,11,0,0,0,NA,7.85e-06
"1","G155-15",2017,0.256,6.725,0.224609,2.2,0,10,0,1,3,255224.791666667,0.001292397
"1","G48-16",2017,0.216,3.34,0.243027,2.3,0,9,0,42,3,233970.166666667,0.00258794
"1","M-10-07",2017,0.268,30.14,0.429688,2.2,3,9,0.00195,16,11,251975.083333333,0.000439757
"1","G15-16",2017,0.146,4.85,NA,2.2,1,12,0.00213,2,20,230253.166666667,0.002626791
"1","G157-14",2017,0.173,6.001,0.224609,1.8,3,9,0.00061,4,0,NA,0.000355536
"1","G24-12",2017,0.351,6.6,0.165527,1.8,3,47,0.00172,16,44,233516.125,0.000125246
"0","G71-16",2017,0.22,5.252,0.317108,1.8,5,47,0,16,44,233516.125,0.000210528
"1","G113-15",2016,0.407,28.614,0.224609,1.9,6,18,0.00468,9,18,241293.666666667,6.55e-06
"1","G57-16",2016,0.171,1.893,0.222382,2.3,0,20,0.01323,0,18,243686.916666667,0.001122275
"1","G13-10",2016,0.382,11.045,0.274902,1.9,4,13,9e-04,8,7,243939.916666667,7.19e-05
"1","G103-16",2016,0.382,11.045,0.27356,1.9,4,13,9e-04,8,7,243939.916666667,7.19e-05
"0","G128-15",2016,0.188,2.567,0.222382,2.7,0,3,0,4,0,230602.541666667,0.000689397
"1","G17-15",2016,0.195,3.239,0.275726,2,3,47,0.00061,16,44,233516.125,0.00055236
"1","G20-13",2016,0.38,10.413,0.152161,1.9,6,47,0.00052,16,44,233516.125,0.000136365
"1","G20-15",2016,0.292,31.425,0.286682,1.9,4,8,0.00266,2,3,262256.958333333,0
"1","G139-15",2016,0.224,2.7,0.222382,2,2,47,0.00092,16,44,233516.125,0.000529914
"0","G1-11",2016,0.303,10.95,0.267334,2.3,7,9,0.00309,16,11,251975.083333333,0.0003746
"1","G200-13",2016,0.242,11.733,0.27356,2.3,5,7,0.00187,8,8,229955.125,0.000758981
"1","G62-16",2016,0.43,13,0.198181,1.9,3,13,0.00513,8,7,243939.916666667,2.45e-05
"1","G153-14",2016,0.268,9.275,0.298141,2.3,1,13,0.00051,8,13,250727.041666667,0.001664957
"0","G117-14",2016,0.19,3,0.296997,2.3,0,9,7e-05,42,3,233970.166666667,0.001830339
"1","G60-14",2016,0.199,42,0.324783,2.4,2,2,0.00799,1,12,257622.041666667,0
"0","G141-12",2016,0.152,22.133,0.306885,3,4,9,0.00043,15,4,236626.333333333,0.002290571
"1","G37-10",2016,0.21,35.225,0,2.3,1,13,0.01326,8,13,250727.041666667,0.002008521
"1","G42-14",2016,0.23,25.16,0.139008,2.5,3,4,0.00735,1,4,246940.25,0.001131869
"1","G108-14",2016,0.28,124.271,0.214912,2.2,0,2,0.01996,0,19,253651.25,0
"1","G63-15",2015,0.405,31.75,0.205933,2.6,2,3,0.0023,2,5,233443.666666667,0
"1","G30-12",2015,0.104,5.533,0.227051,2.2,1,21,0.00362,2,12,234002,0.003103357
"0","G12-13",2015,0.357,31.717,0.165527,2.6,4,2,0.00967,7,1,257676.416666667,3.31e-06
"0","G121-13",2015,0.412,30.633,0.165527,2.6,5,18,0.0041,9,18,241293.666666667,2.03e-05
"1","G88-13",2015,0.23,26.875,0.152161,2.5,3,5,0.00028,3,1,251995.666666667,8.94e-08
"1","G29-10",2015,0.19,5.171,0.311035,2.5,4,47,0.00061,16,44,233516.125,0.000439247
"0","G32-12",2015,0.326,8.671,0.305908,2.6,7,47,0.00056,16,44,233516.125,0.000225449
"1","G68-12",2015,0.177,21,0.248535,2.3,2,20,0,1,29,268843.666666667,0.002022388
"0","G48-13",2015,0.292,24.55,0.152161,3.3,1,2,0.00134,2,11,223990.041666667,0
"1","G1-15",2015,0.189,44.45,0.297363,2.4,2,5,0.0044,0,7,246666.708333333,2.38e-05
"1","G125-14",2015,0.172,2.499,0.299316,2.3,2,9,0.00197,4,0,243686.916666667,0.000740117
"0","G154-13",2015,0.235,12.275,0.152161,2.7,6,3,0.00264,12,11,250716.291666667,1.33e-05
"0","G107-11",2015,0.231,41.74,0.305908,2.7,5,8,0.00235,5,9,252556.375,2.54e-06
"0","G52-15",2015,0.267,12.433,0.336578,2.3,4,9,0.0078,16,11,251975.083333333,0.000243417
"0","G67-12",2015,0.259,20.367,0.248535,2.7,5,7,6e-04,6,3,232725.375,1.14e-05
"1","G54-15",2015,0.268,4.025,0.286682,2.3,2,20,0,0,18,243686.916666667,0.000519663
"1","G154-14",2015,0.33,9.26,0.293274,2.6,2,3,0.00031,2,8,227430.5,1.38e-07
"0","G62-14",2015,0.225,3.3,0.414307,2.3,0,9,0,42,3,233970.166666667,0.002818811
"1","G23-13",2015,0.219,15.95,NA,2.7,0,0,0.0042,0,7,251359.458333333,0
"1","G19-13",2015,0.37,27.243,0.277832,2.6,4,6,0.00252,3,3,253553.625,1.45e-05
"1","G106-13",2014,0.321,7.54,0.165527,2.7,2,7,0,8,8,228473.458333333,0.000374844
"1","G183-13",2014,0.178,11.95,0.414307,2.4,2,20,0,1,29,268843.666666667,0.002564909
"1","G12-10",2014,0.361,9.145,0,3.2,0,2,0.00092,1,0,232660.041666667,0
"0","G136-12",2014,0.197,1,0.157578,2.2,1,6,0.00364,28,8,234749.541666667,0.001202242
"1","G48-11",2014,0.238,4,0,3,3,47,0,16,44,233516.125,0.000644246
"1","G100-13",2014,0.212,34.75,0.26416,2.2,1,13,0.01334,8,13,250727.041666667,0.00155872
"0","G21-12",2014,0.192,2.25,0.469727,3,0,26,0.00112,14,18,236247.916666667,0.002472561
"0","G11-14",2014,0.147,0.95,0.126678,2.2,1,6,0.00555,28,8,234749.541666667,0.0019376
"0","G135-13",2014,0.168,1.1,0.290619,2.4,0,2,0,26,6,227041.125,0.001934578
"1","G123-12",2014,0.225,5.391,0.27356,3.3,5,47,0.00092,16,44,233516.125,0.000622617
"1","G56-13",2014,0.309,4.1,0.141403,2.9,4,21,0,4,9,238039.5,0.000486241
"1","G4-12",2014,0.321,11.6,0.302246,2.2,3,7,0,8,8,229955.125,0.000601511
"0","G6-08",2014,0.262,11.05,0.293457,2.4,4,9,0.00794,16,11,251975.083333333,0.00030059
"0","G44-13",2014,0.192,2.25,0.247803,3,0,26,0.00112,14,18,236247.916666667,0.002472561
"1","G51-10",2014,0.213,15.54,0.226807,3,3,15,0,12,10,240807.208333333,0.002469417
"1","G4-08",2014,0.254,9.25,0.293457,2.2,0,13,0.00096,8,13,250727.041666667,0.001550123
"0","G134-12",2014,0.224,1.149,0.157578,2.5,0,13,0.00079,65,0,NA,0.000426251
"1","G10-10",2014,0.258,4,0.279175,3.3,4,47,0,16,44,233516.125,0.000497851
"1","G23-11",2014,0.199,38.367,0.262024,2.9,3,4,0.01519,3,5,258183.916666667,9.91e-06
"1","G14-13",2014,0.212,29.26,0.152161,3.2,3,2,0.01832,1,12,242100.916666667,1.45e-06
"1","G21-05",2014,0.32,4.033,0.23877,2.2,0,10,0.00058,1,3,255224.791666667,0.003476964
"1","G15-11",2014,0.225,2.7,0.274902,2.9,1,47,0.00092,16,44,233516.125,0.001001813
"1","G46-13",2014,0.4,281.085,0.138855,2.5,0,3,0.03636,0,0,NA,0
"1","G51-12",2014,0.15,1.75,0.297363,2.2,2,6,0.00044,28,8,234749.541666667,0.001720874
"1","G109-14",2014,0.3,16.533,0.205933,2.6,0,11,0,0,0,NA,6.18e-07
"1","G45-12",2013,0.318,7.48,0.152161,3.2,3,20,0,0,18,228473.458333333,6.28e-05
"1","G111-10",2013,0.314,29.714,0.256958,3,2,14,0.00092,7,0,NA,0
"0","G50-12",2013,0.172,11.8,0.414307,2.4,2,42,0,12,17,268843.666666667,0.002292121
"0","G102-12",2013,0.137,1.05,0.247803,2.5,0,2,0,26,6,227041.125,0.00145605
"0","G121-11",2013,0.253,0.624,0.277832,2.6,0,13,0.00358,65,0,NA,0.000399959
"1","G47-13",2013,0.338,9.85,0.255676,3.3,5,7,0.00165,6,3,232725.375,4.56e-05
"1","G77-11",2013,0.176,1.88,0.261963,2,0,20,0.01487,0,18,243686.916666667,0.001036253
"1","G1-10",2013,0.169,15.2,0.4104,1.9,1,21,0.00129,2,12,234002,0.002103172
"0","G100-12",2013,0.156,1.05,0.138855,2.5,0,2,0,26,6,227041.125,0.003289963
"1","G2-13",2013,0.295,22.54,0.279175,3.4,0,9,0.00134,1,15,223990.041666667,0
"1","G59-11",2013,0.217,58.75,0.297363,2.8,2,5,0.00871,3,1,251995.666666667,1.17e-08
"1","G55-12",2013,0.24,5.104,0.299805,4,5,47,0.00092,16,44,233516.125,0.000196895
"1","G12-11",2013,0.244,20.15,0,3.3,4,8,0.0011,5,9,252556.375,3.53e-06
"1","G21-11",2013,0.3,23.95,0.299316,2.2,0,6,0.00402,13,4,259731.416666667,0.000216198
"1","G103-10",2013,0.185,3.5,0,3.1,0,26,0.00151,14,18,236247.916666667,0.003028098
"1","G49-13",2013,0.409,12,0.153625,4,1,13,0.00582,8,7,243939.916666667,0
"1","G18-12",2013,0.257,81.333,0.152161,2.2,0,3,0.01834,1,10,255159.958333333,0
"1","G73-10",2013,0.183,7.29,0.28125,2.6,2,9,0.01422,4,0,NA,0.00046486
"1","G2-11",2013,0.34,19.863,0.29541,3.4,2,1,0.00291,1,14,241720.958333333,0
"1","G18-08",2013,0.17,15.2,0.227051,1.9,3,20,0.00318,1,29,268843.666666667,0.001277855
"1","G69-10",2012,0.291,26.048,0.214844,3,0,14,0.00092,7,0,NA,1.1e-06
"1","G80-11",2012,0.239,9.275,0.4104,2.3,4,13,5e-04,8,13,250727.041666667,0.001104394
"0","G1-12",2012,0.174,0.821,0.248535,2.4,2,6,0.00097,28,8,234749.541666667,0.000821821
"1","G21-07",2012,0.202,25.067,0.227051,2.3,5,13,0.00599,8,13,250727.041666667,0.001480576
"1","G21-10",2012,0.224,2.75,0.429688,3.2,4,47,0.00092,16,44,233516.125,0.000365432
"1","G72-10",2012,0.402,6.633,0.269531,3.8,3,21,0.00218,4,9,238039.5,9.3e-05
"1","G24-10",2012,0.177,21.567,0.267578,2.4,3,20,0,1,29,268843.666666667,0.001624989
"1","G19-11",2012,0.172,59.675,0.28125,2.1,2,5,0.00694,0,7,246666.708333333,1.6e-05
"1","M-10-01",2012,0.178,5.133,0.292969,2.8,0,26,0,14,18,236247.916666667,0.004060966
"1","G48-12",2012,0.248,12.35,0.284912,3.5,4,7,0.00125,6,3,232725.375,3.87e-05
"0","G50-11",2012,0.168,0.821,0.261963,2.4,2,6,0.00236,28,8,234749.541666667,0.000794412
"0","G19-12",2012,0.188,24.65,0.270508,2.8,0,0,0.00969,1,0,NA,0.000298465
"1","G32-07",2012,0.25,4.533,0.227051,2.3,3,20,0.00044,0,18,243686.916666667,0.000347029
"1","M-06-09",2011,0.316,7.54,0.267578,2.9,2,21,0.00044,10,13,228473.458333333,0.000167047
"0","D-11-27",2011,0.432,12.067,0.267578,3.9,2,18,0,9,18,243939.916666667,4.15e-05
"1","G111-10",2011,0.309,16.071,0.256958,3.1,1,11,0.00179,0,0,NA,6.95e-06
"0","D-10-70",2011,0.119,0.95,0.28125,2.4,1,6,0.00257,28,8,234749.541666667,0.002189589
"0","M-09-04",2011,0.133,1.915,0.290527,2.3,0,6,0,28,8,234749.541666667,0.001408204
"1","G26-09",2011,0.374,11.4,0.305908,3.9,1,14,5e-04,6,7,232660.041666667,2.76e-07
"0","D-11-20",2011,0.411,20.65,NA,3.9,4,18,0.0041,9,18,241293.666666667,4.4e-05
"0","D-11-19",2011,0.162,2.6,0.1875,3.4,2,5,0.00033,2,0,233970.166666667,0.00254738
"1","G66-10",2011,0.23,26.25,0.270508,2.7,2,5,0.00084,3,1,251995.666666667,9.9e-06
"0","D-10-74",2011,0.153,5.85,0.270508,2.5,1,21,0.00073,2,12,234002,0.003434104
"1","G13-08",2011,0.424,11.625,0.26709,3.9,4,21,0.00221,4,9,238039.5,8.17e-05
"0","D-11-26",2011,0.352,20.657,0.267578,2.7,1,10,0.00084,0,11,230233.25,0
"1","G5-07",2011,0.325,28.532,0.283203,3.3,2,1,0.00093,0,0,NA,0
"0","D-10-67",2011,0.192,1,0.28125,2.3,1,6,0.00654,28,8,234749.541666667,0.001345032
"0","G105-10",2011,0.252,0.641,0.260742,2.9,0,13,0.00393,65,0,NA,0.000415594
"0","D-11-31",2011,0.079,32,0.29541,3,0,9,0.00452,15,4,236626.333333333,0.001131634
"1","G10-07",2011,0.194,2.25,0.292969,3,1,26,0.00112,14,18,236247.916666667,0.003195241
"1","G106-11",2011,0.412,14.191,0.256958,3.4,2,4,0,0,0,NA,0
"0","D-11-17",2011,0.293,29.65,0.324219,2.3,2,9,0.00191,16,11,251975.083333333,0.000258149
"1","G4-07",2011,0.28,11.3,0.296875,3.2,4,7,0.00248,6,3,232725.375,5.77e-05
"1","G16-10",2011,0.171,5.873,0,3.2,3,9,0,4,0,NA,0.00045356
"0","G102-11",2011,0.207,1.833,0,3.2,1,9,0,42,3,233970.166666667,0.002639097
"0","D-10-30",2010,0.188,13.3,0.269531,2.6,1,42,0,12,17,241579.958333333,0.00273336
"0","D-10-33",2010,0.39,14.52,0.327393,2.6,2,2,0.00184,2,11,223990.041666667,0
"0","D-10-29",2010,0.224,2.75,0.227051,3.2,5,47,0,16,44,233516.125,0.000189792
"0","D-10-39",2010,0.161,19.514,0.311035,3.1,0,7,0.00357,1,3,244473.958333333,0
"0","D-10-25",2010,0.413,6.733,0.269531,3.6,3,21,0.0025,4,9,238039.5,9.87e-05
"1","G72-10",2010,0.194,5.673,0.269531,2.9,1,10,0.0028,12,0,NA,0.000462414
"1","M-06-06",2010,0.192,5.266,0.28125,3.4,3,47,0.00061,16,44,233516.125,0.000107413
"0","G12-08",2010,0.382,0.937,0.26709,2.9,1,7,0.00642,21,0,NA,0.000435606
"0","D-10-27",2010,0.288,22.66,0.290039,2.6,2,2,0.00134,2,11,223990.041666667,0
"1","G28-06",2010,0.272,21.04,0.260742,3.1,0,7,0.00039,6,3,232725.375,1.32e-06
"0","D-10-22",2010,0.212,14.733,0.219727,2.7,1,15,0.00027,12,10,240807.208333333,0.00169919
"0","D-10-20",2010,0.116,5.567,0.1875,2.3,0,12,0.00148,2,20,234002,0.003527424
"1","G33-09",2010,0.128,1.8,0.305908,2.3,1,6,0.00116,28,8,234749.541666667,0.001363212
"0","D-08-15",2009,0.311,64.786,0.269531,2.4,1,1,0.02441,0,13,257438.958333333,0
"1","G14-06",2009,0.413,11.489,0.433594,3.2,2,47,0.00197,16,44,241293.666666667,0.000103156
"0","D-08-20",2009,0.159,19.6,0.324219,2.7,0,2,0.00303,1,6,244473.958333333,0
"0","D-09-23",2009,0.348,41.217,0.290039,2.4,3,8,0.00446,1,7,241161.375,0
"1","G23-07",2009,0.201,5.635,0.438477,2.9,0,10,0.0032,12,0,NA,0.000254099
"1","G13-07",2009,0.2,23.98,0.1875,2.4,1,20,0.00253,1,29,268843.666666667,0.001145721
"0","D-09-22",2009,0.363,29.08,0.267578,3.2,2,21,0,10,13,228473.458333333,8.04e-05
"0","D-08-02",2008,0.413,12.681,0.214844,3.6,1,13,0,8,7,243939.916666667,1.41e-06
"0","D-08-03",2008,0.266,1.35,0.293457,2.3,0,0,0.00245,3,0,244528.708333333,0.000305492
"1","G7-03",2008,0.212,39.56,0.1875,2.9,1,8,0.00409,5,9,252556.375,0
"0","D-07-23",2008,0.169,15,0.219727,2.6,0,20,0.00053,1,29,268843.666666667,0.001229563
"1","G17-05",2008,0.154,11.68,0.28125,3.1,0,5,0,2,0,236247.916666667,0.000620626
"1","G100-11",2008,0.259,1.69,0.296875,2.9,0,13,0.00342,65,0,NA,0.000242118
"1","G9-07",2008,0.182,4.9,0.265625,2.4,3,26,0,14,18,236247.916666667,0.002507438
"1","D-07-27",2008,0.252,4.7,0.324219,2.6,3,7,0.00038,8,8,229955.125,0.000213482
"1","G18-07",2007,0.193,7.888,0.314453,2.6,1,3,0,4,0,NA,5.79e-06
"1","M-05-02",2007,0.16,13.3,0.28125,2.7,1,42,0,12,17,241579.958333333,0.001101112
"1","G11-06",2007,0.379,18.05,0.269531,2.6,0,12,0.0048,0,0,228604.541666667,0
"0","M-05-08",2007,0.428,12.125,0.125,3.9,1,21,0.00221,4,9,238039.5,1.91e-05
"0","D-07-15",2007,0.209,5.564,0.256836,2.6,0,10,0.0032,12,0,NA,5.77e-05
"1","D-07-10",2007,0.178,15.033,0.219727,2.8,1,13,0.00028,8,13,250727.041666667,0.00078983
"1","G3-05",2007,0.338,10.425,0.256836,2.8,1,7,0.00044,8,8,251975.083333333,5.86e-05
"1","G2-07",2006,0.358,8.615,0.235352,3.8,1,14,0,6,7,232660.041666667,0
"1","G6-03",2006,0.2,5.551,0.269531,2.6,0,10,0.0032,12,0,NA,0.000141879
"0","D-05-23",2006,0.153,7.275,0.234375,3.9,0,5,5e-04,2,0,242509.25,0.000365242
"0","D-06-12",2006,0.197,10.35,0.219727,2.7,2,15,0.00166,12,10,240807.208333333,0.001099342
"1","M-02-09",2005,0.346,8.845,0.234375,4.2,1,14,0,6,7,232660.041666667,0
"0","D-04-13",2005,0.131,4.8,0,3.5,3,21,0.00146,2,12,234002,0.001643133
"1","M-04-04",2005,0.415,7,0.269531,4.6,2,21,0.00189,4,9,238039.5,3.21e-06
"0","M-04-02",2005,0.213,39.28,0.234375,4.2,0,8,0.00936,5,9,252556.375,0
"1","G14-05",2005,0.358,0.988,0.296875,2.6,1,13,0.00385,65,0,NA,1.22e-05
"0","D-05-13",2005,0.18,23.667,0.296875,2.6,1,10,0.00953,12,0,NA,2.17e-07
"1","M-02-08",2004,0.398,17.943,0.234375,3.2,0,8,0.00164,1,18,228604.541666667,0
"0","D-04-07",2004,0.212,1.2,0.269531,2.8,0,2,1e-04,26,6,227041.125,0.000198244
"0","D-03-15",2004,0.196,5.525,0.210938,2.8,1,10,0.00238,12,0,NA,7.95e-06
"1","M-02-07",2004,0.276,21.7,0.269531,4.5,1,7,0.00078,6,3,232725.375,0
"1","G2-02",2003,0.37,1.023,0.125,2.7,0,13,0.00119,65,0,NA,4.14e-07
"1","M-02-03",2003,0.305,10.475,0.125,3.8,0,9,0.00302,16,11,251975.083333333,9.54e-08
"1","M-00-06",2003,0.32,5.5,0.1875,4.5,0,20,0,0,18,238039.5,2.24e-05
"1","G1-02",2002,0.441,14.92,0.125,5.3,0,14,0.00075,6,7,233443.666666667,0
"1","M-00-01",2002,0.327,8.746,0.125,3.8,0,14,0,7,0,NA,0
"0","D-01-18",2001,0.388,1.893,0.125,2.5,1,13,0.00048,65,0,NA,2.73e-06
"1","M-00-04",2001,0.298,11.8,0.125,3.4,0,9,0.00191,16,11,251975.083333333,3.84e-05
"0","D-00-15",2001,0.362,1.05,0.125,2.5,2,13,0.00307,65,0,NA,2e-05
"1","M-98-02",1999,0.321,8.26,0.375,4.6,1,21,0,10,13,228473.458333333,1.66e-06
