Kommun,year_1991,year_1992,year_1993,year_1994,year_1995,year_1996,year_1997,year_1998,year_1999,year_2000,year_2001,year_2002,year_2003,year_2004,year_2005,year_2006,year_2007,year_2008,year_2009,year_2010,year_2011,year_2012,year_2013,year_2014,year_2015,year_2016,year_2017,year_2018,year_2019,year_2020,year_2021
STOCKHOLM LÄN,"211,775","213,035","208,990","209,071","209,695","217,369","222,785","232,131","242,731","250,714","256,502","259,549","260,753","265,165","269,429","274,339","279,622","282,639","288,607","288,051","288,082","295,373","302,685","309,017","319,788","327,619","332,410","336,429","339,633","344,106","348,033"
Upplands Väsby,"223,255","221,308","217,598","217,842","218,758","228,024","233,851","241,970","251,772","259,175","264,202","267,308","268,295","269,994","272,869","276,634","281,041","282,224","287,370","284,509","284,057","288,358","293,244","298,910","308,500","314,386","317,715","319,307","319,845","322,986","324,004"
Vallentuna,"215,853","216,728","213,083","215,420","217,683","226,343","232,742","240,272","251,800","259,856","266,493","271,867","272,822","277,616","284,892","290,353","297,667","300,281","308,535","310,557","311,654","318,893","327,116","335,132","342,572","350,294","354,819","357,895","359,998","365,965","370,100"
Österåker,"217,213","217,910","215,482","217,498","218,386","225,818","231,416","241,124","252,798","263,156","269,015","272,685","272,851","278,911","285,236","290,045","294,836","297,064","305,795","306,627","304,609","309,647","318,707","324,626","332,652","337,012","342,441","345,075","348,625","356,446","359,628"
Värmdö,"214,494","215,103","211,671","213,858","215,585","222,340","230,463","240,367","250,982","260,208","266,474","271,734","273,855","280,993","286,267","291,476","297,697","300,707","308,470","310,359","309,241","314,787","322,902","329,812","340,153","347,291","351,558","354,286","357,757","362,371","367,500"
Järfälla,"232,167","231,502","226,488","226,862","226,919","234,364","241,461","249,284","258,307","265,479","270,232","273,494","273,886","277,355","280,114","283,963","286,540","288,118","293,155","290,866","287,842","293,505","298,337","301,976","309,765","317,410","321,884","324,466","326,421","329,314","330,265"
Ekerö,"229,146","226,627","222,678","225,138","226,602","237,831","243,383","253,764","266,081","275,799","282,498","285,155","289,140","296,589","301,498","306,847","313,423","316,142","324,524","323,809","325,298","330,627","337,888","345,455","355,592","363,141","368,732","372,280","373,790","381,737","387,982"
Huddinge,"218,119","218,206","214,353","213,260","213,171","220,898","225,664","234,885","244,636","252,079","258,012","260,356","261,307","265,348","269,206","272,162","275,568","276,534","280,602","280,196","279,963","286,081","292,357","297,682","307,915","315,909","320,071","322,421","326,199","328,912","333,318"
Botkyrka,"204,826","204,466","199,677","197,582","196,016","198,762","201,656","208,643","216,149","221,631","227,835","229,042","231,045","234,463","236,099","237,139","239,739","241,012","243,403","241,212","239,366","243,830","250,208","255,105","263,545","270,656","276,320","279,309","279,720","283,080","285,586"
Salem,"226,427","226,036","220,138","222,259","222,065","232,210","240,056","247,674","258,971","268,170","274,101","278,064","280,536","285,708","290,756","295,103","301,077","304,949","312,103","311,597","309,543","313,745","320,551","327,302","335,841","340,467","347,939","350,445","350,500","353,627","355,446"
Haninge,"216,911","216,876","211,248","210,431","210,009","217,245","221,756","229,678","240,012","247,181","252,771","256,391","256,878","260,861","264,071","267,532","270,730","271,889","277,078","275,048","272,541","279,349","285,730","290,975","299,738","306,394","311,139","314,995","316,571","321,290","325,386"
Tyresö,"227,484","227,070","223,384","224,086","224,558","232,295","238,380","248,212","258,499","267,629","274,059","278,883","280,332","283,303","288,397","293,501","298,567","300,764","307,576","306,702","305,934","311,793","321,052","327,536","337,975","344,786","348,467","351,795","352,903","357,535","362,500"
Upplands-Bro,"215,551","216,581","213,506","213,522","215,966","221,980","227,475","236,461","247,530","254,290","259,013","261,662","262,271","266,437","270,638","272,473","277,145","279,211","284,303","282,981","282,987","288,917","295,087","300,325","308,731","314,483","319,997","322,105","323,429","325,516","326,643"
Nykvarn,0,0,0,0,0,0,0,"249,916","260,854","268,406","277,037","279,222","281,933","291,209","297,563","303,484","311,873","315,988","317,656","319,504","319,593","326,762","335,757","340,078","351,031","360,812","368,531","372,131","376,105","378,842","385,836"
Täby,"238,662","238,593","235,520","239,549","240,531","251,973","259,704","270,719","282,690","291,091","297,350","301,065","301,470","306,205","313,041","320,843","328,170","331,449","340,416","339,196","338,109","345,728","354,966","362,561","371,866","381,368","385,864","388,950","393,233","401,759","409,021"
Danderyd,"240,022","240,809","239,189","242,057","243,979","255,297","263,193","273,806","288,439","297,916","305,611","308,675","308,275","317,784","323,616","336,439","341,534","345,105","353,786","352,120","350,246","358,743","368,383","376,238","387,081","395,550","401,443","406,232","417,371","429,090","436,757"
Sollentuna,"226,880","227,070","223,243","225,098","227,346","237,761","244,619","254,345","266,406","275,982","283,779","285,572","287,150","292,009","296,493","302,095","308,071","311,076","317,848","315,840","315,389","322,673","331,305","335,807","346,618","353,748","357,538","359,434","361,819","369,858","373,728"
Stockholm,"205,280","207,273","202,781","202,559","203,196","209,846","214,865","224,727","236,118","244,829","250,773","253,244","254,608","258,671","263,326","269,539","276,013","280,845","287,277","287,416","288,885","297,573","305,758","312,996","325,127","334,151","339,211","344,009","348,496","353,294","357,677"
Södertälje,"202,410","204,614","201,793","200,014","199,869","207,072","212,028","217,544","225,014","229,625","235,764","239,035","241,276","244,979","247,676","247,740","247,755","248,014","248,946","244,279","244,803","249,889","254,171","256,492","264,832","271,727","277,840","284,592","287,803","288,954","288,880"
Nacka,"223,859","224,263","219,856","221,198","221,887","229,916","236,949","247,252","258,552","267,492","274,562","279,887","281,561","288,418","294,467","300,620","307,504","310,312","317,664","317,877","319,664","328,131","335,021","344,348","356,604","364,353","369,174","373,632","378,595","385,819","394,640"
Sundbyberg,"208,905","208,012","202,640","202,921","205,029","213,077","218,565","229,857","242,474","250,756","258,509","259,506","259,093","261,427","264,895","267,776","274,960","275,300","280,883","280,569","280,225","289,423","297,045","306,225","317,579","328,891","337,262","344,219","350,470","356,059","361,071"
Solna,"208,603","210,080","205,462","204,704","204,572","211,258","216,550","226,591","236,596","246,061","252,411","257,966","259,087","262,221","266,896","273,330","280,629","285,336","292,608","291,139","290,741","301,564","312,657","322,406","334,306","343,176","349,818","355,544","361,039","367,605","370,852"
Lidingö,"234,735","236,377","230,016","234,558","236,208","244,704","250,330","260,285","270,709","278,624","284,442","287,805","288,990","294,489","301,341","307,522","314,056","316,446","325,267","322,142","320,716","329,387","336,898","343,582","353,861","362,632","370,525","374,291","379,461","387,958","395,261"
Vaxholm,"217,364","219,978","215,482","217,153","216,629","227,103","234,731","241,064","251,200","261,780","271,917","277,456","278,171","283,773","291,716","298,295","308,302","307,767","319,437","320,657","323,416","330,301","339,920","344,117","355,032","362,950","368,325","372,825","372,341","380,625","386,037"
Norrtälje,"185,341","188,215","184,578","186,392","187,643","194,463","198,992","207,794","216,425","223,037","226,063","231,427","234,059","238,331","241,825","245,859","249,215","249,606","255,530","253,746","252,608","257,992","264,206","267,424","274,496","282,414","285,179","287,816","289,022","293,638","296,127"
Sigtuna,"212,681","213,330","209,837","209,669","211,013","219,148","224,873","233,971","244,997","251,474","256,002","257,015","257,897","261,026","264,155","266,394","270,606","271,639","274,220","272,111","271,021","275,865","281,072","285,858","293,998","301,509","304,385","307,202","309,173","307,857","306,861"
Nynäshamn,"208,452","209,341","204,757","204,945","205,410","214,504","220,039","226,926","237,608","242,616","246,079","250,358","249,496","256,908","259,089","259,178","261,241","262,843","268,754","266,468","265,224","271,898","277,336","281,253","289,579","297,900","300,465","302,708","304,478","309,619","312,189"
UPPSALA LÄN,"192,138","194,125","189,517","189,133","189,552","196,039","201,064","210,055","219,935","227,252","232,758","238,016","240,869","245,489","248,966","251,673","255,988","258,172","263,874","262,280","262,892","269,635","276,841","282,640","292,405","299,157","303,068","305,132","307,140","311,174","312,259"
Håbo,"221,442","220,865","215,482","217,025","219,854","228,913","235,925","245,034","254,076","263,282","269,076","273,656","276,343","279,839","284,809","289,590","293,694","295,755","301,744","301,000","299,849","308,150","313,854","318,171","327,670","334,134","337,942","339,867","342,377","347,130","348,458"
Älvkarleby,"184,283","189,102","185,283","188,920","189,852","195,591","201,240","209,216","219,425","224,812","227,732","230,681","233,489","240,180","240,883","244,530","245,134","249,191","255,298","253,589","246,121","251,278","258,627","262,995","265,559","272,054","277,884","281,597","284,298","289,402","291,335"
Knivsta,0,0,0,0,0,0,0,0,0,0,0,"272,795","275,416","281,506","288,608","295,066","302,052","304,997","311,190","313,543","316,793","326,145","331,956","341,360","349,492","358,418","362,544","367,786","369,453","375,852","373,304"
Heby2,"170,084","174,033","171,454","170,068","170,858","176,123","179,633","187,672","197,191","201,728","205,868","213,930","216,928","220,497","223,974","227,272","230,652","230,940","234,919","232,916","232,152","239,337","246,594","251,172","257,190","265,128","271,944","272,569","277,029","281,222","282,078"
Tierp,"172,803","178,022","174,135","175,503","177,661","182,400","187,501","195,738","202,243","207,525","212,498","215,712","217,756","222,892","225,492","229,620","230,717","233,528","238,393","235,693","237,174","242,764","247,345","250,614","258,677","263,980","267,645","273,073","272,931","279,703","280,521"
Uppsala,"194,253","195,307","190,645","189,734","188,783","195,614","200,157","208,919","219,747","227,555","233,719","237,194","239,874","243,896","247,305","251,181","255,597","257,569","262,553","260,292","261,437","267,967","275,633","282,376","293,034","300,493","303,738","305,088","307,175","310,455","310,876"
Enköping,"187,909","190,579","186,553","186,295","187,909","194,829","200,264","209,974","218,235","225,092","229,227","234,418","237,796","243,079","246,733","250,803","255,937","257,051","265,682","263,991","264,079","272,171","278,816","283,225","293,294","298,649","302,426","305,343","306,909","310,732","313,694"
Östhammar,"184,283","187,920","183,166","183,170","186,486","192,422","196,737","205,861","214,754","221,048","226,457","230,600","233,389","238,870","242,878","245,483","248,948","253,361","260,610","258,885","258,683","266,024","272,856","276,875","283,353","287,070","292,621","294,014","296,463","303,555","306,619"
SÖDERMANLANDS LÄN,"188,966","192,056","188,388","188,434","189,606","194,890","199,768","208,049","215,662","221,374","225,727","230,337","234,092","239,112","243,249","247,355","251,310","253,368","257,632","255,014","254,723","259,454","264,630","267,213","275,699","281,616","285,887","288,455","289,623","293,581","296,800"
Vingåker,"177,184","181,715","177,945","179,652","182,785","191,294","193,467","201,160","208,092","215,295","218,850","223,914","225,708","230,427","232,676","237,273","238,990","241,232","247,913","244,022","241,895","244,970","249,241","251,838","257,084","259,652","263,866","265,402","271,076","275,335","273,848"
Gnesta,"187,002","189,693","186,130","187,402","189,986","196,503","202,297","210,689","220,689","227,082","231,865","237,314","240,376","243,542","247,657","253,364","259,033","260,821","265,661","264,422","264,290","268,157","271,997","277,295","285,592","290,023","296,919","300,005","300,790","304,448","306,433"
Nyköping,"192,742","195,307","191,774","191,247","192,666","197,841","203,286","211,723","219,054","225,282","229,596","235,080","239,182","243,962","249,028","253,324","257,769","259,619","264,818","264,048","264,307","268,645","275,565","280,978","288,395","294,540","298,556","302,040","303,355","304,749","307,972"
Oxelösund,"209,811","211,410","206,027","205,693","208,403","215,775","221,221","227,291","236,342","241,520","242,672","246,751","248,591","251,829","255,280","257,570","260,192","262,857","266,837","263,609","263,074","264,772","270,347","268,465","272,061","275,794","279,685","283,030","286,761","288,581","290,072"
Flen,"181,111","184,817","181,755","182,211","184,466","189,252","192,789","200,550","205,019","211,677","215,633","219,806","223,909","229,572","231,896","233,807","234,854","235,101","238,215","235,131","231,710","234,295","238,461","237,787","242,977","246,683","250,711","250,832","253,851","259,807","259,997"
Katrineholm,"179,752","184,226","181,614","182,014","183,081","188,220","193,707","202,423","209,936","216,778","219,381","222,021","222,685","226,609","230,730","233,282","236,793","238,128","244,727","240,916","241,530","246,784","251,724","255,709","264,971","270,222","274,199","276,442","277,452","283,784","286,704"
Eskilstuna,"187,002","189,693","185,424","185,241","185,257","190,004","194,152","202,212","208,276","212,359","217,045","222,216","227,548","232,832","237,296","241,762","245,489","247,844","249,232","244,774","244,942","249,679","254,314","255,806","264,822","271,426","275,626","277,754","278,253","281,259","285,219"
Strängnäs,"196,065","199,739","196,008","196,749","197,057","203,296","208,559","217,064","227,870","234,522","240,805","246,147","248,462","255,361","259,307","262,395","267,356","268,460","276,602","276,695","276,323","283,191","288,693","292,114","303,114","308,838","314,632","316,244","317,331","321,377","324,948"
Trosa,"205,431","207,421","204,757","206,378","210,553","218,356","226,251","235,590","244,230","251,549","256,100","259,207","261,515","268,942","276,195","280,884","285,236","288,449","291,453","295,725","294,587","299,966","301,127","306,269","315,012","323,506","324,140","329,856","331,344","339,851","340,296"
ÖSTERGÖTLANDS LÄN,"184,132","187,329","183,872","183,948","185,024","190,521","195,014","203,640","211,283","218,437","220,893","226,324","228,833","233,425","236,390","240,095","244,126","246,308","251,624","249,446","249,119","254,936","261,906","266,430","275,998","283,661","288,042","291,322","294,591","299,890","304,065"
Ödeshög,"159,511","160,145","157,342","161,744","160,804","166,805","172,721","183,768","190,452","196,417","197,699","204,689","209,350","213,308","216,336","222,577","225,495","226,772","229,573","229,584","229,107","231,883","240,324","241,929","247,770","253,967","257,758","263,311","267,338","274,858","279,972"
Ydre,"158,756","159,407","158,189","161,074","164,828","170,665","175,071","184,221","194,075","199,678","204,524","211,184","218,622","220,458","221,602","227,632","233,680","239,905","247,091","243,741","237,655","243,700","250,473","253,739","262,299","270,883","276,183","277,323","276,021","287,298","288,992"
Kinda,"162,532","167,237","167,503","168,793","170,857","175,743","182,288","188,290","195,473","202,425","205,459","212,670","217,934","223,371","229,111","232,054","234,065","236,990","244,283","243,504","243,727","249,037","257,096","260,817","267,383","276,073","279,827","283,703","285,833","290,473","296,714"
Boxholm,"169,631","174,328","173,288","173,813","177,225","182,186","186,739","196,749","204,353","211,927","213,858","221,194","224,562","229,754","232,953","237,193","243,860","249,354","252,277","245,598","248,499","253,904","260,590","264,608","278,196","285,582","291,501","292,624","293,751","299,804","300,810"
Åtvidaberg,"181,413","184,670","182,743","181,226","183,085","187,532","193,454","203,585","211,366","218,086","219,896","226,231","227,105","231,310","235,108","238,165","242,515","242,021","246,754","245,032","246,901","249,113","254,717","262,582","269,039","278,051","278,867","283,527","286,077","290,187","293,695"
Finspång,"183,377","187,772","183,590","185,712","187,408","193,154","197,771","206,588","214,284","219,033","220,974","226,285","230,905","236,452","241,873","243,970","246,478","250,256","256,173","254,023","255,139","258,107","263,732","261,508","268,012","276,145","283,842","286,593","288,223","294,948","297,302"
Valdemarsvik,"166,308","169,601","165,527","165,560","169,144","173,563","177,856","186,396","193,783","200,090","204,222","208,678","213,730","216,218","219,177","222,505","226,675","228,767","233,057","230,708","225,678","229,271","237,513","240,930","246,663","252,362","255,277","254,922","255,351","262,654","268,178"
Linköping,"190,628","192,943","189,093","188,940","189,515","194,581","199,658","209,103","217,956","226,121","228,194","233,445","234,205","238,853","241,403","245,225","247,987","250,815","255,417","253,379","252,962","259,745","267,152","273,819","285,669","293,477","297,696","299,792","304,481","309,043","312,282"
Norrköping,"186,851","189,840","186,271","184,734","185,177","190,961","194,187","201,603","208,006","214,202","217,082","222,068","225,387","229,838","232,946","236,926","241,606","243,721","249,618","248,097","247,833","253,884","260,603","264,444","272,891","280,530","285,063","289,774","292,034","297,513","302,232"
Söderköping,"181,564","183,488","182,037","183,060","186,788","192,867","199,352","206,891","213,924","220,632","224,060","229,301","233,459","238,615","240,896","244,720","248,606","252,695","261,210","259,754","259,688","263,774","270,571","278,803","289,433","297,176","302,939","304,945","304,602","313,511","317,868"
Motala,"181,564","186,738","183,449","184,502","185,608","191,190","195,494","205,074","214,133","222,897","223,607","229,024","231,732","235,297","237,685","240,479","244,976","243,218","248,288","243,716","242,578","248,322","255,610","259,651","267,733","273,441","276,842","280,561","283,825","288,568","292,018"
Vadstena,"185,341","187,181","185,989","188,314","188,450","193,800","197,904","205,497","212,746","220,546","223,918","228,883","231,501","238,822","240,820","243,852","246,300","249,946","255,448","251,924","250,398","255,315","259,638","263,123","272,560","278,160","280,175","284,833","287,059","294,051","294,415"
Mjölby,"178,090","181,419","178,510","180,152","182,090","188,470","194,006","203,927","210,992","217,943","219,929","225,484","228,719","234,849","236,860","242,336","247,912","250,829","256,108","253,387","252,940","259,931","266,956","272,641","282,925","292,222","296,452","301,324","305,742","310,569","314,705"
JÖNKÖPINGS LÄN,"181,111","184,817","181,614","182,602","185,188","191,503","197,087","206,676","215,836","223,751","228,282","232,725","235,894","241,702","246,213","251,429","256,759","259,191","262,343","261,246","262,519","268,542","274,163","280,144","288,739","296,304","301,796","305,082","306,520","309,547","313,741"
Aneby,"160,870","163,691","163,834","166,706","168,369","172,806","178,260","190,564","198,774","208,205","213,294","219,765","225,062","232,044","236,165","240,361","246,147","248,638","252,251","253,119","252,185","256,608","262,421","269,580","276,123","286,856","292,226","293,344","296,199","301,443","303,955"
Gnosjö,"193,044","196,784","194,314","198,233","201,636","210,035","218,965","229,367","238,564","245,617","246,433","249,683","251,169","256,004","260,452","265,712","269,258","270,215","270,452","267,883","270,911","278,276","285,026","287,972","296,953","300,476","306,082","310,664","310,998","311,765","319,908"
Mullsjö,"183,075","186,147","178,227","181,061","183,588","191,536","196,387","207,922","217,973","224,947","228,291","233,504","237,408","242,342","245,985","254,701","258,701","260,998","262,133","262,799","263,212","268,003","275,345","276,084","283,418","291,763","288,176","298,071","299,587","301,358","307,136"
Habo,"185,341","190,579","188,388","191,164","196,901","204,842","210,485","218,649","229,253","238,345","242,244","249,751","251,976","258,226","263,595","267,549","273,597","276,041","282,520","283,183","284,374","292,858","298,610","307,280","314,965","321,718","327,053","329,927","333,721","339,290","343,534"
Gislaved,"188,060","192,795","189,093","191,153","196,039","204,386","210,278","220,351","227,915","235,494","239,089","243,646","241,611","248,198","253,193","257,507","263,445","264,808","265,768","264,103","266,168","273,011","277,514","282,354","288,724","298,815","303,453","307,114","307,662","309,940","316,156"
Vaggeryd,"177,788","180,828","179,074","181,544","188,315","195,055","202,948","214,101","226,585","235,429","238,501","237,550","237,966","244,193","248,060","253,843","259,983","261,618","262,613","266,150","268,720","273,016","280,459","290,294","297,419","303,847","310,036","312,506","313,888","316,277","322,872"
Jönköping,"185,643","189,102","185,424","185,700","186,696","192,873","197,743","206,908","215,626","223,372","228,072","234,222","237,764","243,912","247,753","253,007","257,849","259,802","264,976","263,838","265,129","272,023","277,417","284,417","293,913","301,460","307,332","310,667","312,346","315,273","319,677"
Nässjö,"176,429","180,976","178,227","178,576","180,866","187,269","191,077","199,921","207,935","215,419","218,407","223,445","228,321","232,885","237,815","242,576","246,851","249,943","253,495","251,703","250,935","257,161","263,269","265,651","273,011","282,416","289,458","291,616","292,214","296,301","299,430"
Värnamo,"187,758","191,318","188,811","191,660","195,388","203,737","209,215","218,811","228,125","235,623","238,910","242,231","245,069","251,574","255,226","260,969","266,187","269,722","270,201","268,725","271,920","278,076","284,776","291,545","298,957","307,158","312,313","317,153","317,874","320,120","325,069"
Sävsjö,"163,589","164,873","163,551","164,462","165,545","170,119","175,994","185,803","195,241","202,602","207,850","211,763","217,244","222,597","228,160","233,890","239,645","243,691","244,493","245,874","245,568","249,780","253,054","256,225","268,659","274,066","280,360","285,758","286,005","288,193","290,402"
Vetlanda,"173,106","177,135","173,712","174,526","177,125","183,015","188,633","198,842","207,206","215,540","220,275","225,044","229,101","235,303","240,486","245,737","253,410","255,279","257,383","256,510","256,813","261,149","266,135","273,794","281,992","288,849","294,034","295,357","294,829","297,675","301,905"
Eksjö,"173,559","178,465","175,970","175,762","178,782","184,036","190,869","198,264","206,112","213,133","219,151","224,412","228,867","233,431","240,665","245,498","250,199","253,659","258,096","257,282","256,336","260,400","267,945","272,936","280,243","287,007","290,170","291,103","294,237","298,177","300,532"
Tranås,"171,142","175,805","172,724","172,054","174,028","178,865","182,906","193,850","201,021","206,991","212,477","217,282","221,029","223,072","228,609","233,157","238,750","243,624","248,117","243,009","242,564","245,825","251,586","254,759","265,401","271,112","278,209","281,451","284,594","283,980","288,487"
KRONOBERGS LÄN,"179,450","182,454","179,497","180,330","182,987","189,859","194,959","204,038","213,383","218,978","223,521","227,821","231,178","236,584","241,809","246,688","250,931","253,280","256,630","253,206","253,976","259,064","264,529","268,580","276,758","284,223","288,402","291,295","293,096","296,200","299,301"
Uppvidinge,"167,970","172,408","168,632","169,497","173,944","179,294","184,994","195,231","206,373","211,901","215,828","219,988","223,209","228,523","231,329","234,243","242,720","245,098","244,161","244,108","244,183","244,273","249,934","255,068","262,547","269,710","278,162","282,661","282,908","288,806","291,352"
Lessebo,"174,918","177,874","176,252","177,364","180,312","187,966","193,926","202,937","213,049","217,256","219,827","225,129","228,334","231,151","236,346","240,001","241,553","242,172","246,636","238,162","239,177","242,223","246,851","243,466","248,004","257,902","260,977","262,878","264,622","267,270","269,818"
Tingsryd,"160,870","165,168","163,693","166,330","168,391","173,059","179,729","188,351","195,796","197,364","201,921","206,910","210,702","215,439","221,244","225,428","228,280","230,513","234,047","232,432","229,820","236,673","240,572","242,691","248,022","256,422","262,034","265,067","269,181","272,896","271,922"
Alvesta,"175,220","178,612","176,111","177,847","179,711","188,186","192,353","200,599","210,247","216,060","220,998","225,454","227,738","234,323","239,944","243,683","248,974","252,171","253,966","250,798","251,158","255,638","260,564","264,497","273,191","280,149","284,025","286,772","289,064","290,291","291,461"
Älmhult,"175,824","180,681","178,368","180,156","182,731","188,998","194,550","201,977","213,461","218,767","221,656","227,683","232,963","237,477","242,779","249,016","256,861","260,259","265,492","263,977","266,987","271,156","276,783","281,275","292,903","298,501","301,060","302,332","309,118","311,139","315,811"
Markaryd,"170,991","173,442","170,748","171,620","173,481","178,826","182,380","194,264","202,211","208,051","211,224","216,191","219,474","223,158","226,630","230,498","232,942","231,196","234,275","228,080","228,586","233,832","238,364","241,979","249,705","256,263","257,773","262,325","266,087","268,459","275,576"
Växjö,"189,117","191,465","188,388","187,556","190,511","196,696","201,608","211,066","220,071","225,213","230,780","234,583","237,044","242,801","248,542","253,839","258,087","260,323","264,901","261,903","263,025","268,468","274,439","280,320","288,230","295,951","299,303","302,833","303,411","305,974","308,556"
Ljungby,"180,507","182,454","180,203","181,987","184,636","191,815","198,007","205,788","214,659","221,470","225,623","229,547","234,381","240,176","245,853","250,271","253,029","255,715","257,901","252,926","252,291","258,053","263,229","266,853","275,665","282,166","288,335","289,873","291,776","296,067","298,598"
KALMAR LÄN,"177,184","180,976","177,945","178,224","180,653","186,419","190,997","199,680","207,782","213,229","217,180","221,700","225,702","230,529","233,683","237,330","241,375","243,899","248,526","246,019","246,283","250,664","257,833","262,081","270,549","276,543","281,782","283,829","286,250","290,539","294,177"
Högsby,"160,719","165,612","162,987","161,725","167,324","173,196","179,799","186,492","194,896","197,918","197,141","202,692","203,710","208,822","213,401","217,617","218,157","218,926","219,293","215,902","212,638","216,845","223,491","225,168","232,405","235,303","239,879","242,508","244,547","249,580","250,147"
Torsås,"150,599","153,941","157,201","159,403","160,575","164,696","172,090","179,854","189,699","195,252","201,656","205,084","210,401","215,204","219,716","224,330","226,591","229,138","231,287","227,654","227,580","231,411","234,696","241,585","248,779","251,760","259,968","261,772","263,439","271,474","273,577"
Mörbylånga,"174,012","176,692","175,828","176,639","178,808","184,151","188,787","197,966","206,733","213,982","220,477","224,664","228,201","235,674","240,024","244,260","247,636","251,351","257,990","258,539","258,611","264,097","271,286","275,854","285,722","290,869","295,394","298,867","301,774","307,922","310,254"
Hultsfred,"170,689","174,328","170,748","170,014","172,188","178,172","182,682","190,434","199,325","202,594","206,893","211,012","215,953","219,069","223,977","225,699","228,400","228,126","230,286","228,658","230,393","232,299","237,483","239,068","245,436","248,156","255,963","258,110","261,157","265,079","268,488"
Mönsterås,"181,111","183,931","180,062","180,330","184,342","192,224","195,846","205,356","213,812","220,272","224,902","229,313","233,034","238,275","241,193","245,140","249,091","254,939","256,986","253,467","253,597","256,716","261,101","264,776","274,510","279,732","284,844","285,002","288,548","291,733","294,912"
Emmaboda,"174,163","177,874","174,841","176,723","178,922","185,741","193,017","201,075","211,416","216,889","218,248","223,565","226,691","230,848","232,111","238,673","240,454","242,404","246,255","241,488","242,681","243,859","249,436","252,260","259,933","263,292","269,939","268,804","270,441","275,476","278,816"
Kalmar,"187,455","191,022","186,835","185,845","186,858","192,562","195,441","203,943","212,513","217,793","222,443","226,807","229,951","234,182","237,412","242,559","246,988","249,062","255,331","253,927","253,444","259,637","269,462","274,668","285,154","293,544","298,809","302,714","304,856","308,527","312,074"
Nybro,"174,767","179,351","177,098","178,056","181,262","186,883","191,656","199,985","208,381","212,476","215,859","218,791","222,377","224,512","228,589","232,807","235,708","236,492","238,065","232,763","232,644","237,209","243,389","247,000","252,999","257,518","261,977","264,967","268,391","272,292","275,916"
Oskarshamn,"185,794","190,727","187,964","190,341","194,095","201,147","205,813","213,839","223,027","228,679","232,511","238,097","241,969","249,575","252,874","256,014","262,242","267,069","272,937","270,273","270,545","275,405","284,614","291,433","300,820","307,032","312,882","313,985","311,064","311,572","316,898"
Västervik,"177,939","181,863","178,510","178,438","180,837","186,248","191,269","200,074","207,698","212,017","214,506","218,921","224,114","229,426","231,000","232,083","235,447","238,567","243,240","240,792","241,034","246,272","250,970","254,420","261,710","267,266","271,684","273,759","274,857","279,295","282,837"
Vimmerby,"175,371","177,726","174,982","175,851","178,187","184,404","188,644","198,161","205,874","213,595","217,703","222,307","226,280","231,765","234,447","239,579","243,326","245,794","249,257","247,189","248,206","251,964","257,603","264,855","273,505","278,980","283,966","286,339","291,324","294,236","298,912"
Borgholm,"146,218","149,952","149,299","150,674","152,852","155,015","161,471","170,949","178,586","183,785","187,386","193,656","200,040","204,059","208,836","211,351","216,312","216,113","221,107","223,249","221,628","225,478","231,876","232,328","243,098","248,625","255,743","253,456","255,825","263,143","267,027"
GOTLANDS LÄN,"170,538","174,033","172,442","173,313","174,977","180,086","184,392","192,550","199,703","205,574","209,210","212,714","216,117","220,502","223,362","227,666","230,658","232,203","238,343","236,318","234,206","239,199","245,773","249,649","259,331","265,356","270,189","271,827","273,509","279,549","283,209"
Gotland,"170,538","174,033","172,442","173,313","174,977","180,086","184,392","192,550","199,703","205,574","209,210","212,714","216,117","220,502","223,362","227,666","230,658","232,203","238,343","236,318","234,206","239,199","245,773","249,649","259,331","265,356","270,189","271,827","273,509","279,549","283,209"
BLEKINGE LÄN,"183,075","187,329","184,436","184,719","186,334","191,194","195,413","203,367","211,610","217,548","220,925","225,834","229,884","234,350","238,437","241,994","244,886","246,362","249,434","245,808","244,478","250,856","256,875","260,548","267,586","274,950","280,748","283,193","284,943","291,493","294,776"
Olofström,"190,779","195,602","193,044","191,930","193,917","197,177","202,270","210,146","220,494","225,323","226,257","230,690","233,316","236,597","240,484","243,534","248,069","248,213","245,960","238,905","241,202","244,829","250,269","251,680","259,977","268,881","277,310","278,233","275,571","280,947","281,544"
Karlskrona,"182,320","187,033","184,860","184,834","186,669","192,757","196,439","204,237","213,034","220,072","224,601","229,404","232,904","236,740","241,633","245,978","248,866","250,270","254,509","250,971","248,385","256,538","263,563","268,702","275,419","282,725","288,974","291,550","294,700","302,027","305,699"
Ronneby,"180,658","184,522","181,050","180,612","181,458","185,416","189,750","197,517","203,503","209,043","212,390","217,357","223,182","229,908","232,957","236,495","238,146","239,521","241,303","238,327","238,842","244,196","249,792","251,739","256,119","262,431","267,085","266,589","268,846","275,413","278,023"
Karlshamn,"186,700","190,431","187,400","188,691","190,856","194,479","198,783","207,719","215,419","220,254","222,341","226,390","230,768","234,581","238,666","242,285","245,293","248,092","252,036","248,367","246,008","251,211","255,838","259,440","266,462","275,848","280,651","283,910","284,287","289,088","292,170"
Sölvesborg,"176,882","180,681","176,675","178,387","180,681","185,512","191,893","200,320","207,621","214,046","215,154","222,078","226,866","231,582","234,686","236,719","239,022","240,869","243,637","240,808","239,800","246,074","253,332","256,384","266,643","273,599","279,025","282,426","283,871","292,078","295,695"
SKÅNE LÄN,"183,226","185,999","182,461","182,364","183,582","188,209","192,365","200,706","207,722","212,902","216,160","220,566","223,918","228,106","231,630","235,328","238,337","239,555","243,701","241,128","244,239","250,084","257,447","261,305","270,810","278,616","282,467","285,489","288,712","295,137","299,398"
Svalöv,"176,127","180,090","177,522","180,311","182,304","186,159","188,072","197,592","205,322","212,998","214,623","222,109","224,225","227,125","229,141","234,937","237,345","242,922","245,773","245,269","247,293","250,800","255,317","262,197","271,466","280,098","283,472","287,602","288,234","299,194","303,036"
Staffanstorp,"211,775","212,739","209,555","210,383","211,073","219,274","227,355","236,961","246,605","251,720","257,576","262,482","264,290","269,805","273,644","278,348","282,092","282,831","290,857","291,058","293,336","299,952","308,691","315,958","325,750","332,908","335,946","341,557","345,408","351,075","355,765"
Burlöv,"198,482","200,034","196,996","195,000","194,810","198,881","204,401","212,739","219,303","220,651","225,249","227,160","229,726","232,686","234,304","238,284","239,635","238,965","242,724","238,114","240,276","245,524","251,894","255,092","261,545","269,317","271,963","274,361","276,538","283,924","288,374"
Vellinge,"212,681","214,660","212,095","214,272","216,200","225,428","231,378","242,350","252,364","258,925","263,537","269,862","271,842","278,125","283,638","286,865","292,980","293,917","301,151","300,364","306,831","315,110","325,179","330,742","342,128","348,179","356,107","361,028","366,746","375,119","382,388"
Östra Göinge,"185,039","186,738","183,872","184,337","187,664","191,432","196,308","205,914","213,377","218,157","221,844","224,491","228,344","232,199","235,472","239,755","243,042","242,770","243,256","240,124","237,542","242,750","245,298","245,591","249,962","255,417","258,082","259,340","262,813","268,438","272,241"
Örkelljunga,"166,761","170,782","168,632","170,805","173,462","178,708","182,632","191,756","198,627","201,401","202,877","209,449","212,311","217,277","220,847","224,265","225,980","226,112","225,286","224,181","225,169","231,434","239,746","239,934","247,475","254,580","259,335","261,446","263,106","269,368","275,385"
Bjuv,"190,023","191,909","187,682","187,610","188,905","194,094","200,515","208,567","214,190","220,287","221,984","226,724","229,906","232,018","234,771","235,338","236,791","237,362","239,491","237,164","239,133","245,983","251,285","255,289","262,855","269,891","271,571","271,112","274,432","280,957","284,323"
Kävlinge,"196,972","200,034","198,689","200,000","201,041","207,981","215,003","223,171","232,922","240,142","244,294","250,619","253,304","257,872","264,806","269,891","276,559","280,326","287,302","289,041","290,513","297,196","304,721","310,346","320,222","328,035","332,645","336,395","340,106","348,102","355,000"
Lomma,"214,192","215,251","213,224","215,150","218,085","227,522","233,952","245,199","256,734","262,968","266,667","271,773","278,179","283,453","288,903","297,586","303,748","307,659","319,945","321,140","325,354","333,183","344,331","353,431","364,274","374,949","381,679","384,584","392,269","401,013","408,724"
Svedala,"201,201","204,318","201,935","203,182","204,403","210,823","218,759","228,056","236,249","241,888","248,477","252,523","254,892","260,485","264,342","268,003","272,804","275,522","284,102","284,954","289,565","298,259","303,973","309,561","319,471","325,300","330,378","332,885","337,566","341,937","349,219"
Skurup,"173,559","177,283","175,546","174,854","177,028","182,196","187,395","197,613","206,277","213,548","215,215","220,318","223,470","229,789","232,820","236,679","241,080","241,565","246,977","247,414","252,661","259,522","264,660","271,000","280,194","287,360","289,846","293,160","296,267","304,407","309,440"
Sjöbo,"165,100","166,794","164,680","166,840","167,768","171,048","177,180","186,821","193,794","198,397","202,489","207,357","211,215","215,767","219,939","223,937","228,104","231,681","238,616","239,746","238,643","244,398","252,155","257,095","268,038","273,282","276,093","279,672","283,677","292,188","295,907"
Hörby,"163,438","167,680","165,104","166,819","167,560","171,705","176,339","185,499","193,452","198,516","203,073","207,410","211,311","217,078","220,782","224,215","227,569","228,670","234,982","235,717","236,996","244,093","250,240","256,615","265,860","271,522","273,840","275,792","281,760","290,751","295,326"
Höör,"176,127","181,124","178,368","179,250","181,155","186,963","190,707","198,529","204,793","210,827","214,579","220,201","224,425","229,834","233,555","239,160","243,833","246,047","254,431","254,666","257,028","263,451","270,021","277,317","286,794","294,351","298,072","300,755","301,335","308,184","311,788"
Tomelilla,"154,677","158,373","158,471","158,874","161,551","165,156","170,765","179,960","187,826","193,749","197,232","204,318","208,535","213,739","215,809","218,960","221,196","221,028","227,114","226,783","226,521","232,386","240,070","242,506","252,404","259,256","262,419","261,900","261,794","268,312","271,695"
Bromölla,"185,945","190,579","187,541","187,092","189,953","195,011","202,941","210,201","219,674","224,523","227,152","231,653","234,295","239,073","243,305","245,319","245,524","247,598","248,944","245,718","244,067","249,592","253,869","258,363","266,879","276,370","280,260","281,700","283,912","287,920","291,472"
Osby,"175,673","179,794","177,522","178,540","179,163","183,066","187,509","196,984","205,188","210,366","212,656","218,897","220,957","225,263","227,012","232,182","236,475","236,620","240,602","238,308","235,535","240,904","243,900","247,177","257,130","263,345","267,939","272,566","275,865","280,907","286,070"
Perstorp,"185,341","188,511","184,719","186,266","190,786","195,763","197,699","205,732","215,159","221,209","218,429","218,636","219,698","221,559","224,448","226,279","222,724","222,573","224,237","217,036","217,346","221,944","227,359","230,261","232,578","241,906","246,781","246,386","246,607","249,130","254,269"
Klippan,"173,861","176,987","173,571","173,747","175,610","180,797","185,042","192,590","200,619","205,630","209,226","211,381","213,534","217,300","221,041","224,425","226,874","226,521","230,849","228,876","230,222","236,005","240,374","243,213","249,534","256,802","259,883","261,852","265,043","272,562","275,656"
Åstorp,"186,398","189,397","184,719","184,051","186,385","190,153","195,454","203,398","209,325","213,549","216,931","222,195","225,635","231,017","232,843","235,783","238,111","237,300","238,043","236,490","236,726","242,719","249,903","251,387","261,681","267,826","269,667","275,904","279,110","284,744","291,472"
Båstad,"168,876","169,305","166,374","169,289","173,766","179,330","186,430","193,613","199,630","205,739","209,414","216,699","221,744","226,181","229,472","232,285","239,814","242,658","248,945","247,075","247,253","251,995","259,162","262,487","272,243","279,767","284,473","286,667","290,885","300,460","307,643"
Malmö,"180,960","183,340","178,510","176,129","176,188","179,144","181,733","189,489","195,024","197,440","199,346","202,936","205,464","207,920","210,599","213,400","212,618","211,639","213,091","209,375","220,051","226,284","235,277","240,121","250,460","259,755","263,958","267,171","272,497","279,190","283,481"
Lund,"189,268","189,102","183,025","182,012","182,510","186,958","191,644","201,267","210,541","217,035","221,160","224,085","226,069","230,913","233,435","240,553","245,078","246,448","248,577","244,702","246,729","253,264","260,462","261,907","273,330","281,205","283,188","285,401","285,703","289,441","290,028"
Landskrona,"181,262","185,851","182,179","180,047","180,945","185,525","190,859","198,602","203,243","207,155","208,196","211,545","214,452","217,145","220,441","222,872","225,910","226,416","229,766","226,551","226,509","232,851","238,936","241,932","250,265","258,522","262,779","266,302","271,971","279,529","284,246"
Helsingborg,"185,945","189,102","185,424","185,660","186,695","191,412","194,854","203,016","210,541","215,342","219,328","225,002","229,164","234,102","238,553","241,916","246,684","247,008","251,693","248,189","250,151","255,732","264,067","266,710","275,966","284,856","288,565","292,586","294,636","299,229","303,119"
Höganäs,"183,528","187,624","186,412","187,368","189,816","195,329","201,475","210,289","219,759","225,656","229,350","234,615","237,857","243,161","247,542","251,476","256,715","259,512","266,974","264,541","264,469","271,180","280,140","286,077","294,596","301,337","305,697","306,460","307,396","314,491","319,311"
Eslöv,"181,867","184,817","183,449","183,674","185,007","189,584","193,827","203,059","209,680","214,651","218,442","224,548","227,716","232,235","235,088","239,627","242,268","247,004","251,725","249,587","251,344","257,968","266,054","271,285","280,429","286,337","289,808","291,910","294,810","301,466","306,857"
Ystad,"178,543","182,454","179,356","181,936","182,530","187,462","191,315","198,887","207,818","213,239","217,524","221,720","226,958","232,440","236,447","240,209","243,648","245,253","251,775","251,273","251,821","258,099","264,375","270,355","281,009","286,326","289,263","292,057","295,318","301,197","305,639"
Trelleborg,"183,830","186,590","182,461","183,063","184,834","189,767","194,220","203,019","211,206","215,961","219,282","223,135","226,702","230,730","234,055","237,983","241,762","243,512","248,581","248,059","249,190","254,057","260,357","265,775","274,120","282,287","286,436","289,735","294,624","301,305","305,018"
Kristianstad,"183,377","186,295","184,154","184,370","185,771","190,961","195,656","203,007","210,940","216,393","218,912","223,905","228,534","233,847","236,715","240,761","242,871","244,362","248,161","246,039","245,407","248,956","255,103","258,436","267,881","276,480","281,164","283,662","285,620","291,940","294,688"
Simrishamn,"166,459","170,044","167,926","169,534","170,598","173,517","179,681","188,588","196,286","200,859","203,570","208,216","211,892","216,265","220,596","221,557","223,779","224,163","230,367","227,687","226,074","231,998","237,632","241,526","248,451","254,375","258,159","258,836","259,203","267,969","272,759"
Ängelholm,"181,262","184,522","181,473","183,156","184,351","190,566","194,838","202,986","210,297","216,831","222,119","228,106","231,940","235,973","240,352","244,732","249,712","252,500","260,041","258,777","258,689","265,562","272,809","278,767","287,040","296,094","299,775","302,844","306,467","314,501","319,900"
Hässleholm,"174,918","176,987","174,558","175,140","177,065","181,891","185,923","193,773","201,364","205,732","208,813","213,583","218,536","223,260","228,261","231,369","232,742","233,737","238,307","234,060","234,289","237,365","244,628","247,192","256,940","265,008","268,326","269,196","271,669","276,594","280,881"
HALLANDS LÄN,"182,320","185,261","182,743","183,600","185,436","191,906","196,408","204,532","213,366","219,892","223,907","229,488","233,953","240,599","246,032","250,756","255,844","259,035","265,602","264,793","266,091","273,573","280,271","285,613","295,508","303,437","307,610","310,864","312,855","317,727","321,272"
Hylte,"173,559","177,578","174,982","175,316","178,488","186,514","190,148","199,001","207,152","213,370","216,721","222,116","225,297","232,864","236,587","239,291","242,149","244,802","248,046","248,665","246,272","256,191","258,422","261,472","265,384","271,189","274,988","278,638","278,468","281,462","282,648"
Halmstad,"182,773","185,408","182,320","182,797","184,191","189,697","193,467","200,730","208,148","213,919","217,555","223,154","227,475","233,358","239,191","243,337","248,663","251,377","256,539","255,374","255,683","262,963","268,909","271,894","281,107","290,445","294,505","296,877","298,998","303,182","305,997"
Laholm,"162,683","164,725","164,398","166,295","168,076","173,814","177,604","186,362","194,039","200,105","204,033","210,201","215,531","220,886","224,570","229,773","234,087","236,540","241,197","240,924","243,122","249,429","256,032","259,220","268,673","275,073","278,324","282,089","282,905","290,301","294,580"
Falkenberg,"173,106","176,692","173,712","174,394","175,651","181,147","185,197","193,420","200,836","205,748","209,138","215,988","221,046","226,998","231,818","235,430","241,191","244,708","251,533","250,123","252,085","258,469","265,752","269,587","277,705","283,098","286,702","291,167","293,222","297,200","298,363"
Varberg,"177,033","180,385","178,227","178,949","179,193","185,821","190,691","199,296","207,499","212,854","216,887","222,850","227,424","234,603","240,172","245,252","250,051","254,693","261,627","261,732","263,392","271,029","278,023","285,787","297,904","305,426","309,356","313,726","314,796","321,073","324,443"
Kungsbacka,"205,129","207,125","202,922","204,645","206,795","215,844","222,615","232,687","242,553","251,321","256,286","262,978","266,360","274,484","279,705","286,112","291,432","294,243","301,534","301,253","302,030","311,394","318,939","327,168","338,347","347,737","353,250","355,749","358,828","366,751","371,809"
VÄSTRA GÖTALANDS LÄN,"191,987","194,272","189,799","189,036","190,705","196,029","199,096","208,622","217,602","223,749","228,010","233,135","236,849","241,978","246,486","250,387","255,071","257,374","261,354","258,480","259,428","267,040","273,453","278,714","290,373","299,471","304,935","308,548","311,144","314,827","318,286"
Härryda,"210,415","213,626","210,825","211,862","215,418","224,178","229,683","238,637","249,477","257,232","262,100","266,088","270,744","277,025","281,570","287,175","294,007","296,725","303,877","305,767","308,332","317,570","326,457","333,650","346,076","354,555","361,913","366,435","369,221","374,703","379,677"
Partille,"209,811","212,148","209,837","210,404","212,771","220,410","225,201","235,312","243,438","249,840","255,080","259,954","263,423","270,335","275,148","279,224","285,388","288,124","293,059","292,482","294,913","303,815","312,004","318,131","331,447","339,239","345,960","348,730","350,787","355,634","359,733"
Öckerö,"186,700","189,249","186,412","190,584","194,838","202,331","208,602","220,032","229,784","235,806","238,730","246,727","251,681","257,515","262,881","270,117","274,916","278,257","284,910","281,624","281,069","292,202","297,760","305,754","316,201","326,097","331,954","333,676","335,966","338,819","341,476"
Stenungsund,"201,201","204,171","199,818","200,630","203,166","211,629","217,165","226,473","235,345","244,148","248,735","253,439","256,118","262,527","266,774","272,408","277,718","281,153","287,638","286,239","289,036","296,891","306,971","314,830","327,319","335,534","337,836","340,945","344,700","348,960","355,459"
Tjörn,"187,607","189,988","185,565","187,694","191,557","199,986","206,366","214,125","223,756","229,631","235,873","242,141","245,174","250,976","256,175","259,722","265,950","267,846","275,441","275,588","274,826","282,093","290,939","298,309","309,973","319,148","325,266","326,051","328,645","333,822","338,965"
Orust,"177,033","180,090","177,098","179,206","181,860","187,329","193,886","202,369","211,418","217,235","220,905","227,326","231,081","237,685","242,918","246,192","250,921","252,050","256,476","254,987","255,671","263,142","268,961","271,648","280,775","289,524","292,838","296,690","296,717","299,096","302,046"
Sotenäs,"172,501","177,135","175,546","178,247","180,344","187,571","192,308","200,802","208,456","211,751","215,660","223,320","226,968","232,236","237,895","242,486","246,372","249,289","257,272","256,046","256,911","261,541","271,371","279,032","290,829","298,155","300,793","303,224","306,719","309,607","310,583"
Munkedal,"170,236","175,067","173,994","172,935","173,871","178,546","182,343","193,016","201,121","206,084","206,294","212,097","218,458","224,016","226,332","229,901","231,282","231,800","234,738","233,585","233,465","245,406","250,717","254,131","267,472","274,875","278,094","279,306","281,038","284,637","290,008"
Tanum,"155,886","159,555","159,600","162,258","165,242","169,193","174,637","184,539","193,265","200,322","202,808","209,804","214,835","219,912","225,213","230,020","232,799","234,423","235,773","233,886","233,505","245,730","253,102","256,539","274,929","281,994","282,942","282,946","287,515","291,715","292,787"
Dals-Ed,"159,662","165,759","165,668","167,944","173,252","176,906","181,249","191,300","199,526","203,664","202,031","209,205","217,020","219,086","222,470","219,332","222,465","221,282","221,801","217,336","211,758","221,300","226,886","233,122","249,459","256,067","260,890","258,658","263,497","268,034","270,320"
Färgelanda,"171,444","176,101","174,982","177,580","180,538","187,413","192,352","204,044","213,187","217,209","215,319","220,512","225,239","227,479","230,204","231,666","231,198","231,530","236,252","232,798","231,472","238,500","244,436","244,740","256,459","261,564","269,726","271,732","272,379","277,907","276,855"
Ale,"201,654","205,205","201,229","201,025","203,343","210,652","216,264","224,903","232,793","239,039","242,362","249,083","253,657","258,720","263,965","266,334","272,010","273,651","280,378","279,659","280,423","286,920","295,311","300,585","313,631","321,993","327,594","329,991","334,167","337,984","340,963"
Lerum,"209,660","211,262","208,144","209,159","212,108","219,837","227,216","235,598","245,645","252,456","257,948","263,500","266,853","272,012","278,021","284,078","288,217","293,201","299,534","301,932","303,810","310,671","319,825","325,971","337,097","346,301","350,781","354,513","357,680","363,704","370,418"
Vårgårda,"169,782","175,510","174,135","176,746","179,944","184,711","192,276","202,212","213,431","222,166","229,089","233,159","238,599","244,056","246,671","250,093","252,293","254,587","259,512","257,955","258,691","264,086","269,050","275,138","284,806","291,708","297,293","299,948","301,734","310,482","314,537"
Bollebygd,0,0,0,"197,248","201,694","207,607","214,674","224,144","233,498","239,593","244,826","250,198","254,148","261,408","264,232","270,430","273,976","276,278","281,072","279,055","282,285","287,099","293,858","300,936","312,563","320,415","325,560","329,173","330,305","335,538","341,715"
Grästorp,"170,991","174,919","173,853","175,389","177,628","184,557","190,647","198,011","208,089","215,903","220,612","222,857","227,683","231,166","235,259","236,548","240,302","240,676","245,027","243,604","245,314","251,466","255,647","262,406","273,662","284,005","286,167","292,563","292,807","297,373","299,761"
Essunga,"163,136","165,759","165,668","167,729","168,796","173,284","180,809","190,951","199,311","207,553","210,116","214,659","219,717","224,963","228,312","232,669","238,776","240,158","243,243","241,950","241,083","244,589","253,068","255,016","264,988","272,140","272,484","273,857","275,820","280,400","286,868"
Karlsborg,"177,486","181,863","180,626","180,739","180,926","186,366","191,150","198,859","204,107","210,061","213,387","219,837","225,066","230,697","234,658","240,260","243,695","243,333","251,083","246,798","247,341","256,554","261,531","263,342","269,630","273,064","279,759","283,655","286,274","293,945","299,158"
Gullspång,"166,761","171,373","169,478","169,950","172,996","178,872","182,272","189,581","198,000","201,538","203,073","210,352","214,478","217,743","221,189","224,190","226,187","224,725","228,058","221,684","220,705","227,382","233,946","233,700","243,805","248,125","249,673","251,950","253,474","257,779","257,835"
Tranemo,"179,752","183,340","179,356","181,403","183,771","192,207","198,315","209,474","217,210","222,055","225,949","231,034","232,505","241,231","244,829","252,020","256,532","258,431","261,395","259,541","260,038","266,111","269,734","276,634","285,050","292,482","296,481","301,444","301,736","308,212","311,032"
Bengtsfors,"177,335","181,715","181,191","183,508","188,652","192,983","197,299","204,187","210,497","208,859","208,432","214,037","217,003","220,643","222,256","220,794","220,616","216,730","220,175","215,727","216,127","226,144","235,506","235,905","250,776","253,889","258,173","260,753","261,258","262,092","265,019"
Mellerud,"161,626","167,385","165,950","166,504","169,047","176,550","179,489","188,036","194,730","198,516","199,238","204,048","209,550","211,372","217,298","217,404","217,303","217,429","221,151","212,347","209,782","220,437","227,105","228,444","239,764","245,404","249,314","255,237","258,995","266,625","266,232"
Lilla Edet,"188,211","193,238","190,363","189,315","190,088","194,392","199,862","209,215","219,801","226,515","228,209","233,651","236,108","239,691","245,130","246,955","252,137","252,404","256,251","255,807","256,938","262,950","268,037","272,056","281,222","290,342","297,610","300,788","303,214","307,477","313,043"
Mark,"173,257","176,396","174,700","176,545","178,856","184,765","190,114","199,072","207,968","214,159","218,132","221,893","226,500","230,724","234,970","239,576","244,285","246,268","251,998","250,766","251,255","257,360","266,433","270,681","279,858","287,317","292,146","293,876","296,508","300,912","305,016"
Svenljunga,"168,272","171,669","168,490","171,215","173,451","179,025","184,333","195,507","202,962","206,936","212,392","216,149","220,217","225,340","230,352","235,555","237,251","238,477","240,987","241,443","243,617","249,787","255,960","259,261","264,234","272,512","274,846","279,097","280,078","286,939","289,892"
Herrljunga,"170,538","174,328","171,877","172,935","175,090","181,940","187,677","198,057","207,430","212,075","214,875","219,460","224,347","228,621","234,177","239,564","242,576","243,929","246,719","246,129","246,423","249,798","257,346","261,450","273,954","281,160","284,864","286,296","287,583","294,880","297,474"
Vara,"164,496","165,907","164,680","166,649","168,543","173,787","179,797","189,349","196,707","201,712","206,059","212,403","218,638","222,675","227,384","230,436","236,083","239,365","241,935","240,516","242,989","248,654","253,082","256,190","265,214","274,235","278,323","281,928","285,053","289,519","292,434"
Götene,"180,960","183,931","181,191","183,326","185,199","192,418","199,246","207,161","218,639","223,046","226,929","233,465","237,703","241,993","246,418","250,771","256,999","259,088","263,932","260,931","259,882","264,985","269,990","273,475","282,731","292,989","296,945","297,866","300,262","306,517","311,158"
Tibro,"177,184","179,794","176,957","177,873","180,144","187,762","192,581","202,315","212,343","218,458","220,275","223,967","227,222","230,955","235,209","235,792","241,050","242,469","246,336","241,632","243,000","244,353","250,656","248,548","258,578","268,548","273,621","277,456","276,624","283,000","285,954"
Töreboda,"162,985","166,203","163,693","163,835","165,378","169,547","175,833","186,048","194,219","198,430","200,827","206,249","211,452","215,900","216,021","219,752","223,143","225,501","227,760","223,924","224,831","229,483","237,126","238,558","245,435","251,575","255,955","259,495","258,542","260,369","265,710"
Göteborg,"191,383","192,943","187,400","185,563","186,842","191,410","194,329","203,462","212,582","219,584","224,808","229,818","233,605","238,601","242,368","246,613","251,755","254,540","256,448","252,017","253,555","262,717","269,914","275,325","288,599","299,358","305,452","309,814","313,005","315,852","318,802"
Mölndal,"206,337","208,455","205,321","205,931","207,474","216,515","222,002","231,449","241,238","247,883","253,745","259,389","262,344","267,393","273,229","278,651","285,632","289,065","296,073","294,642","296,086","304,293","312,879","320,920","332,849","341,897","346,553","351,776","357,162","361,814","366,499"
Kungälv,"200,295","203,580","199,959","201,986","204,990","212,743","219,083","228,567","239,317","244,721","249,871","254,951","258,277","263,746","268,434","272,688","278,134","281,437","288,271","288,613","289,072","296,449","303,588","310,884","321,663","332,444","338,307","340,919","344,675","349,710","354,536"
Lysekil,"180,658","184,817","182,179","182,317","182,688","188,368","191,478","203,374","211,076","216,720","219,760","224,267","227,921","233,213","237,774","240,485","243,440","244,750","250,490","247,655","247,162","256,145","261,862","266,658","276,322","283,311","286,951","287,969","288,807","294,538","297,961"
Uddevalla,"187,607","191,170","187,541","186,798","187,375","191,996","196,010","206,507","213,913","219,002","222,196","227,687","232,199","235,835","240,991","245,595","249,295","251,476","256,153","253,440","251,447","259,536","264,967","270,384","282,064","291,015","297,084","298,174","299,275","304,485","305,815"
Strömstad,"167,063","172,408","171,595","171,882","171,866","177,569","181,596","188,768","197,577","204,220","206,524","214,095","221,034","224,647","230,238","231,848","234,335","233,058","242,550","235,405","232,521","251,484","258,675","259,389","299,427","303,749","305,369","308,808","313,330","305,429","304,024"
Vänersborg,"193,649","197,818","195,020","193,748","195,062","200,919","206,733","216,051","224,246","230,178","233,449","239,536","240,671","244,609","249,670","253,310","255,849","256,860","259,743","256,383","254,335","261,223","264,734","267,808","276,389","284,111","289,901","295,735","293,316","299,510","300,348"
Trollhättan,"197,727","201,216","198,407","194,679","195,075","199,817","206,426","218,102","226,495","230,739","235,058","241,745","243,735","246,651","250,973","254,542","255,948","255,596","257,825","252,124","250,778","256,123","255,676","260,535","273,479","284,578","289,954","293,790","295,713","298,989","300,831"
Alingsås,"183,226","187,329","184,154","186,073","187,766","194,166","199,552","210,096","218,853","225,655","231,095","236,529","241,474","246,512","250,782","254,290","257,608","259,386","264,019","261,714","262,807","270,515","278,109","284,344","293,326","300,843","306,136","309,402","312,938","316,382","320,024"
Borås,"186,700","189,545","186,835","186,676","188,563","194,579","199,426","208,634","216,613","221,932","226,251","229,884","232,528","238,240","243,757","246,828","251,143","253,491","257,294","255,834","258,073","263,319","268,699","273,651","283,175","290,898","295,825","299,425","300,879","303,108","306,222"
Ulricehamn,"172,954","176,692","174,417","178,050","180,524","186,673","192,390","201,539","209,057","215,307","219,534","226,239","230,094","236,885","240,691","244,372","249,569","252,304","257,815","255,488","257,405","262,251","270,058","275,573","284,743","293,470","296,019","301,729","300,191","305,251","309,571"
Åmål,"175,824","180,238","176,957","178,503","182,120","188,249","193,301","200,649","206,883","209,113","213,027","219,063","222,443","226,426","231,295","230,228","230,469","230,669","233,813","228,227","225,659","235,142","240,352","241,890","250,450","251,994","257,918","259,445","263,765","269,959","273,060"
Mariestad,"184,132","186,738","184,295","183,884","186,738","192,568","197,089","206,628","213,673","220,076","222,353","226,640","231,302","236,477","241,205","243,515","248,311","247,431","251,593","248,758","247,817","251,542","259,244","261,861","271,818","280,831","287,980","288,170","290,263","296,438","302,246"
Lidköping,"179,752","182,601","181,473","182,978","186,049","191,525","197,047","205,083","214,111","219,506","224,447","230,554","235,552","240,946","246,923","251,610","255,765","259,338","263,931","261,916","261,596","268,504","273,708","277,861","288,968","297,487","303,554","307,277","309,102","313,266","317,284"
Skara,"183,075","186,738","184,154","186,006","187,350","194,786","199,810","209,363","218,756","224,666","228,000","233,226","238,086","242,184","245,899","248,472","251,150","253,492","259,098","256,867","253,985","257,788","257,667","264,665","274,677","281,951","291,442","293,268","294,881","300,605","302,366"
Skövde,"192,742","195,602","192,480","192,545","193,976","200,491","204,345","213,526","223,644","229,236","232,208","234,622","237,503","243,200","248,958","253,084","258,582","263,744","265,216","262,795","267,170","274,474","280,145","286,528","296,504","303,571","308,610","314,465","316,110","318,403","322,607"
Hjo,"174,012","176,544","175,828","175,875","176,511","184,231","188,010","197,573","204,664","211,576","214,096","218,849","225,822","230,195","234,503","239,201","244,671","247,909","250,247","245,238","245,914","250,411","258,904","261,850","270,162","279,603","284,412","288,894","289,140","292,691","299,671"
Tidaholm,"179,299","183,192","182,037","181,302","182,817","187,405","191,701","201,579","209,943","215,268","216,476","221,161","226,720","231,248","234,554","238,128","243,417","244,115","248,504","241,778","245,106","249,167","256,360","259,152","269,459","276,630","282,719","286,802","288,855","292,952","297,352"
Falköping,"172,199","175,510","173,994","174,515","176,913","183,254","187,860","197,739","205,054","212,736","215,211","219,410","222,458","227,980","233,817","237,294","242,330","245,963","249,204","245,296","245,708","252,103","257,821","261,069","269,008","276,766","282,002","285,495","287,434","290,311","292,949"
VÄRMLANDS LÄN,"182,018","186,147","184,013","184,559","186,757","192,236","195,944","203,590","210,636","214,747","217,355","221,413","225,874","231,003","235,053","238,328","240,216","241,370","245,983","242,705","242,114","252,518","258,452","261,118","274,941","280,875","284,598","287,683","290,039","292,390","294,787"
Kil,"186,398","189,545","187,682","190,767","192,846","200,505","203,976","207,661","215,424","220,356","223,726","226,878","232,594","237,819","242,071","244,712","246,297","249,720","252,705","250,787","252,097","263,179","268,961","273,169","284,626","291,407","294,542","298,617","299,505","303,317","304,064"
Eda,"165,100","169,601","168,067","169,345","173,411","177,874","182,402","191,252","196,596","198,516","199,966","205,655","207,411","210,267","212,036","213,685","213,726","213,796","215,764","203,222","204,073","217,280","223,644","224,435","267,660","270,097","269,018","274,406","278,143","273,796","273,888"
Torsby,"168,574","174,624","171,877","172,761","174,689","177,923","184,736","191,969","198,738","201,118","201,219","204,480","209,224","214,266","216,926","219,414","220,442","220,436","226,391","225,728","223,613","238,059","244,886","246,277","260,296","264,141","269,034","271,509","276,261","278,699","281,261"
Storfors,"180,658","183,045","181,896","181,423","187,348","194,408","195,873","204,791","213,080","214,176","219,468","222,112","224,405","228,184","230,368","234,357","236,272","237,170","244,020","236,630","236,628","245,852","247,674","249,601","258,477","264,591","267,987","275,426","275,441","282,018","283,309"
Hammarö,"207,545","209,785","208,990","210,045","212,275","223,248","227,431","234,795","242,356","249,856","254,120","256,688","262,297","269,348","274,652","278,813","281,132","285,951","294,200","297,297","295,893","305,459","313,787","322,559","331,794","340,924","347,998","352,170","352,415","357,557","362,920"
Munkfors,"174,767","180,828","177,804","179,680","182,494","189,023","193,163","200,482","207,382","210,021","209,622","215,094","218,279","223,998","224,044","223,937","224,761","222,259","224,882","219,404","219,056","230,726","237,583","237,353","251,697","254,263","257,915","262,044","261,911","265,906","268,972"
Forshaga,"188,513","191,170","189,517","190,006","191,913","197,538","201,190","208,585","216,980","220,633","223,916","224,950","230,051","234,389","239,210","242,819","243,856","244,314","252,391","247,636","245,690","255,045","262,173","264,280","279,686","286,261","289,157","289,581","292,101","293,785","297,798"
Grums,"183,981","187,477","185,283","186,541","188,264","195,380","197,642","205,057","213,072","216,297","218,607","222,580","226,595","232,928","235,848","237,980","240,418","240,328","246,129","240,507","238,345","246,006","250,262","253,173","261,885","269,864","274,490","275,625","279,720","284,296","285,323"
Årjäng,"162,532","165,316","164,963","166,739","169,837","174,672","180,165","186,941","192,035","196,024","195,491","197,369","202,182","206,714","212,288","214,800","213,674","210,856","213,541","203,978","203,377","234,117","238,298","241,317","283,625","287,993","284,945","285,176","294,658","292,330","292,112"
Sunne,"168,725","175,362","174,841","174,802","177,340","182,373","186,286","193,191","199,651","204,982","208,412","211,039","216,687","221,185","224,602","228,360","229,609","229,401","234,003","234,765","234,015","248,290","255,131","253,875","265,871","272,406","278,797","284,696","283,215","287,138","291,727"
Karlstad,"194,404","196,636","193,468","193,882","194,051","199,495","202,990","210,995","218,759","223,541","226,314","230,510","236,159","241,124","246,178","250,220","253,073","255,008","260,536","257,416","257,514","266,640","273,787","277,208","289,679","296,421","299,770","302,588","304,365","306,175","310,187"
Kristinehamn,"183,528","187,920","184,860","183,773","185,953","192,428","196,993","204,426","211,961","216,056","219,590","223,214","225,985","229,750","233,288","237,502","238,076","237,628","242,089","239,135","235,251","242,904","247,606","248,202","257,246","261,615","267,837","270,288","270,839","274,546","275,388"
Filipstad,"176,127","179,647","178,368","180,366","182,630","186,500","189,220","196,936","203,380","207,053","209,638","214,652","217,355","219,911","223,714","226,590","226,802","227,718","231,812","226,569","225,496","229,056","234,539","233,520","238,754","240,466","247,655","246,480","248,233","252,443","254,591"
Hagfors,"181,262","187,329","184,013","185,331","187,070","192,465","194,833","202,322","208,777","212,283","212,932","217,693","221,372","226,500","228,482","228,662","229,100","230,208","233,064","231,810","229,175","238,210","244,050","249,049","257,919","264,240","267,645","269,413","270,939","269,712","269,391"
Arvika,"170,387","176,692","175,264","177,531","179,788","184,373","189,407","197,537","203,106","207,146","209,897","213,806","218,907","224,615","229,061","234,070","236,473","240,468","242,071","237,826","237,701","246,386","251,359","256,408","271,056","276,605","279,551","281,119","284,456","286,804","288,130"
Säffle,"169,933","175,510","174,841","175,238","178,596","184,174","187,342","194,975","202,745","206,730","208,643","215,729","218,256","223,657","226,425","228,175","229,463","228,129","234,633","228,289","225,928","235,748","239,433","238,077","248,319","254,859","257,968","260,513","263,878","265,488","266,588"
ÖREBRO LÄN,"187,455","191,465","188,105","188,021","189,837","194,919","199,240","208,207","216,452","221,876","224,554","229,585","231,986","236,935","240,825","244,433","248,775","251,033","255,108","251,429","251,766","258,696","264,164","267,915","275,849","282,614","286,883","288,752","290,299","295,274","298,440"
Lekeberg,0,0,0,"175,524","179,096","184,888","190,320","199,893","209,809","216,693","222,667","228,942","231,218","233,469","238,376","242,839","250,768","252,240","257,579","257,321","257,156","263,351","271,112","276,943","288,955","295,938","304,113","306,471","310,195","311,662","315,311"
Laxå,"186,096","192,795","187,964","189,640","191,743","197,547","204,405","211,305","219,215","222,151","224,101","225,816","226,851","231,162","233,772","235,082","240,628","242,524","245,387","244,642","247,371","249,631","253,236","244,451","256,233","261,871","266,400","269,103","266,519","274,848","275,076"
Hallsberg,"185,643","188,806","185,565","186,028","190,861","196,821","202,073","211,875","220,039","225,344","225,212","229,824","231,103","236,364","240,081","243,048","246,709","247,772","251,499","246,048","247,689","253,508","259,245","266,821","271,563","276,599","281,278","282,289","283,441","289,988","295,548"
Degerfors,"186,700","191,613","187,541","187,748","189,647","195,632","199,101","206,763","215,552","219,844","224,501","229,089","232,709","234,581","238,357","240,774","244,773","245,010","250,151","244,126","240,803","248,041","251,351","253,135","260,678","266,033","268,918","268,245","267,898","274,170","276,579"
Hällefors,"183,830","186,886","182,461","181,794","183,515","186,202","189,513","198,495","205,676","208,698","210,791","214,104","220,091","226,319","227,768","231,433","231,555","233,695","234,289","231,600","227,528","231,036","238,552","239,023","243,075","251,668","253,993","255,200","253,863","257,638","259,319"
Ljusnarsberg,"173,710","179,647","176,675","177,658","178,025","180,956","185,725","194,328","199,541","202,028","204,362","209,119","214,130","216,317","218,121","219,927","218,860","216,587","224,293","218,707","218,585","223,320","225,954","225,647","230,599","237,017","237,820","240,595","238,780","240,911","244,344"
Örebro,"187,909","191,465","187,682","188,360","188,959","193,371","196,479","205,596","213,339","219,568","223,440","228,938","231,138","236,568","240,767","245,123","249,803","253,074","257,996","254,912","255,828","262,967","269,552","273,710","282,875","290,316","293,324","294,387","296,149","300,379","303,180"
Kumla,"187,758","193,238","191,633","194,348","198,223","206,100","216,320","226,123","234,745","240,777","241,154","245,515","244,468","246,922","249,956","254,206","259,244","262,119","266,921","263,161","263,561","269,998","275,788","282,132","290,801","298,854","302,347","305,096","306,047","310,233","313,917"
Askersund,"177,637","183,635","179,639","180,771","183,561","189,646","195,910","204,951","212,840","218,421","219,404","224,724","227,706","234,225","236,724","239,719","242,495","244,184","248,580","248,018","248,316","253,251","261,603","266,059","272,760","277,050","285,359","287,712","288,608","292,176","297,742"
Karlskoga,"197,123","200,034","197,137","195,736","197,800","203,915","208,041","216,455","226,297","230,743","232,695","236,801","239,056","244,909","248,763","251,033","253,580","255,219","259,828","252,842","250,813","259,658","263,756","264,866","272,713","277,799","281,787","286,359","289,930","298,228","302,284"
Nora,"188,211","191,022","189,375","188,698","189,536","195,158","199,560","206,145","214,126","219,180","221,009","227,440","229,889","235,455","242,098","245,114","250,108","251,555","254,438","251,067","251,463","257,071","262,261","265,334","271,201","275,287","280,384","281,589","284,630","290,641","293,868"
Lindesberg,"183,981","188,806","185,706","184,698","187,142","193,233","197,915","207,197","215,226","219,215","222,119","225,800","230,900","234,777","239,156","242,635","248,648","250,623","250,648","247,181","248,845","255,571","259,074","260,539","267,085","274,341","281,277","281,852","282,049","285,082","287,351"
VÄSTMANLANDS LÄN,"193,044","196,045","192,057","191,026","192,845","198,227","202,298","210,514","219,128","224,337","228,428","233,087","236,343","241,049","244,498","249,102","253,208","255,499","260,308","256,418","256,283","262,442","268,083","272,302","280,932","288,005","291,594","294,662","296,687","300,993","303,045"
Skinnskatteberg,"179,903","184,226","180,909","181,178","186,775","192,567","195,750","204,768","212,084","214,970","218,637","226,153","225,359","227,840","233,539","234,181","236,669","240,211","242,095","237,854","236,864","244,349","249,948","250,351","252,985","262,083","265,367","270,609","269,451","272,259","276,117"
Surahammar,"198,180","200,921","197,560","197,187","200,683","206,525","211,308","220,855","228,255","233,128","238,940","243,177","245,741","248,633","251,980","254,822","256,048","259,255","263,141","256,772","256,116","261,174","264,446","265,569","274,402","280,209","282,246","287,007","291,267","293,897","297,265"
Kungsör,"187,455","190,136","187,823","190,508","193,125","198,096","203,410","212,650","221,769","227,759","229,996","233,370","237,412","242,938","248,096","253,100","255,713","255,411","258,680","254,239","254,994","259,666","261,032","262,444","269,608","275,178","276,262","279,328","284,088","288,875","292,276"
Hallstahammar,"195,612","197,523","192,621","191,913","194,115","199,848","203,481","210,701","219,549","224,590","226,877","231,593","236,832","241,266","242,910","245,580","249,210","250,783","252,483","249,517","248,020","252,448","256,606","261,481","270,959","278,591","283,361","285,219","287,176","293,083","294,426"
Norberg,"187,909","191,170","189,517","188,379","192,465","196,393","201,304","210,178","213,500","218,829","219,914","225,559","230,093","232,215","237,334","239,021","242,921","245,978","250,673","248,134","243,714","252,435","258,198","254,726","262,119","274,489","277,157","277,436","273,224","275,590","276,357"
Västerås,"199,842","202,693","198,407","196,813","197,280","203,695","208,208","215,904","224,599","229,665","234,195","238,593","241,565","246,518","249,789","253,933","258,460","260,904","267,600","264,838","264,566","271,109","277,994","283,318","292,328","299,461","302,323","306,007","308,616","312,296","314,926"
Sala,"178,694","182,158","179,639","178,901","180,280","185,164","189,748","197,836","206,946","212,538","217,125","218,826","222,396","226,402","229,681","234,134","239,329","242,215","247,762","246,665","244,989","250,983","257,467","260,741","267,549","274,791","277,611","281,672","282,888","289,271","290,184"
Fagersta,"192,893","196,784","192,057","192,490","196,895","203,142","207,831","215,593","224,583","227,867","231,166","236,961","239,810","244,634","247,979","250,073","255,561","259,647","259,089","252,753","252,551","258,936","265,326","264,880","270,373","275,183","283,269","281,851","284,226","289,313","289,045"
Köping,"187,455","190,727","186,976","185,944","188,372","192,735","196,229","205,460","214,735","220,566","224,482","228,945","234,546","239,282","242,675","243,414","248,442","249,733","249,266","244,406","246,552","252,537","256,934","263,197","271,756","277,975","281,776","283,695","286,612","288,203","292,707"
Arboga,"190,930","193,681","189,658","187,365","190,042","196,483","199,529","206,984","217,170","221,569","225,074","229,364","231,434","237,037","240,683","241,878","244,332","246,198","250,262","243,527","241,982","247,554","253,107","255,092","261,865","270,019","274,870","277,695","277,854","280,957","282,803"
DALARNAS LÄN,"185,039","188,954","186,130","186,412","188,197","192,803","196,575","205,017","213,021","217,697","221,045","226,699","231,461","236,718","240,993","244,622","247,386","248,965","254,573","251,948","250,576","258,015","264,805","269,004","277,299","283,249","286,609","288,696","289,861","294,689","297,782"
Vansbro,"161,323","167,385","165,668","167,499","169,224","173,984","181,972","189,074","197,266","200,740","203,567","209,200","213,392","216,901","220,471","221,534","219,947","219,331","222,797","222,031","220,315","230,724","235,305","239,816","250,292","255,676","259,755","261,890","263,378","270,463","275,058"
Malung,"175,069","178,760","179,497","179,332","182,906","186,652","189,112","197,218","201,888","204,785","207,822","215,027","220,027","224,530","229,296","234,505","234,448","233,655","238,197","239,870","236,838","244,397","252,190","257,612","269,065","275,072","280,352","283,001","284,985","289,384","294,322"
Gagnef,"179,752","184,965","179,215","178,087","180,393","186,547","190,625","200,589","208,829","214,413","218,469","223,957","226,927","233,198","237,288","243,342","246,059","247,280","250,997","250,787","251,602","262,301","268,945","273,927","280,555","287,703","291,447","294,061","292,243","300,690","302,814"
Leksand,"175,069","179,499","178,368","178,863","181,241","186,101","188,584","197,352","205,356","210,937","216,464","221,262","226,178","231,809","237,452","242,240","244,519","246,249","252,174","250,549","249,939","256,482","263,930","266,896","277,172","282,903","285,030","284,665","285,048","289,959","292,884"
Rättvik,"167,214","172,408","168,773","169,601","171,016","175,284","179,123","186,372","194,016","197,547","201,658","207,221","212,311","217,730","220,889","225,434","227,935","228,418","234,596","233,738","229,971","236,598","244,863","246,448","254,185","261,370","266,105","269,764","269,264","274,048","275,567"
Orsa,"168,272","172,555","172,583","172,835","174,526","179,193","182,576","189,956","196,929","200,084","200,440","208,781","214,814","218,711","221,277","223,472","223,687","223,015","226,813","222,803","218,698","229,101","233,701","236,989","250,573","259,672","258,781","263,325","265,314","269,210","269,930"
Älvdalen,"169,027","174,033","172,583","173,214","176,864","177,656","181,297","188,848","197,360","198,238","200,070","207,712","212,193","217,250","221,331","223,344","223,400","225,032","231,209","230,030","227,819","233,837","241,908","245,906","260,939","273,506","269,519","271,986","274,147","278,057","280,348"
Smedjebacken,"189,721","195,307","191,915","194,774","197,142","201,341","204,492","213,859","220,103","225,373","229,049","235,091","240,314","244,409","247,936","251,129","255,549","258,443","261,908","253,873","255,247","263,338","269,945","273,746","279,946","284,711","290,323","292,735","292,267","295,395","298,865"
Mora,"182,471","186,738","185,142","186,680","187,643","191,468","195,590","205,536","214,291","218,172","221,051","227,790","233,378","237,847","242,390","244,588","246,702","247,595","253,595","249,934","249,091","256,815","264,612","271,154","279,295","286,773","290,931","292,486","295,726","298,333","297,310"
Falun,"197,576","200,330","197,842","197,531","197,509","202,445","206,738","214,790","223,087","227,703","230,938","236,131","240,922","247,077","251,645","256,544","260,496","262,687","269,265","266,235","265,750","274,342","280,604","286,988","295,591","302,223","305,524","307,747","309,927","315,743","320,289"
Borlänge,"194,102","196,932","192,057","190,542","192,050","196,860","200,213","208,725","217,767","222,913","227,622","232,574","236,876","243,002","247,354","250,103","254,228","255,929","259,893","255,516","254,172","259,955","267,237","270,828","280,598","285,072","288,749","289,814","291,603","295,621","297,238"
Säter,"182,924","186,886","183,731","185,378","186,230","192,594","197,884","209,183","215,715","222,177","225,115","230,191","233,710","240,491","245,539","248,795","251,172","255,072","262,128","261,725","257,623","263,936","271,995","277,591","286,443","295,297","298,401","298,884","298,261","300,984","304,889"
Hedemora,"181,867","185,261","181,473","182,351","184,799","189,035","193,531","202,260","210,382","216,266","219,426","223,528","227,521","234,350","235,816","238,615","242,906","243,944","249,788","248,512","246,849","250,839","254,262","257,890","265,096","271,762","272,673","275,696","274,984","280,330","282,871"
Avesta,"186,700","189,545","187,259","188,513","190,042","196,230","200,611","209,011","217,695","221,148","225,084","232,021","238,375","242,894","246,306","248,986","250,905","252,594","259,181","256,998","256,757","263,161","265,788","265,677","265,940","272,932","276,292","278,850","282,044","288,302","291,420"
Ludvika,"184,132","189,102","186,694","188,036","190,386","195,180","198,439","206,988","214,900","218,362","221,428","226,079","230,738","234,736","238,320","242,124","245,861","247,691","255,685","252,789","250,507","258,199","267,027","268,239","274,055","276,846","280,734","281,230","280,349","284,731","289,784"
GÄVLEBORGS LÄN,"184,283","189,102","185,848","186,332","188,636","194,019","197,623","206,085","214,223","219,126","221,709","226,083","230,393","234,786","239,086","242,648","245,835","247,812","252,516","250,182","249,147","254,041","260,423","262,738","270,213","277,040","281,367","283,504","285,155","289,449","293,076"
Ockelbo,"168,423","174,180","172,301","173,955","175,673","180,924","184,834","193,046","198,998","203,676","207,501","211,097","218,880","223,440","228,576","233,275","234,062","238,036","242,927","241,341","234,551","240,785","247,035","247,184","251,950","258,308","262,281","260,859","263,028","268,208","269,988"
Hofors,"194,253","199,739","195,020","198,373","200,464","207,965","210,636","218,878","224,669","228,779","229,434","234,008","237,986","243,812","248,175","251,816","253,756","257,780","259,526","257,422","255,560","260,433","266,988","272,146","276,967","283,833","286,813","288,835","287,280","290,632","293,986"
Ovanåker,"171,444","176,987","175,546","175,912","178,542","180,690","185,703","194,457","200,836","206,072","207,049","212,934","219,033","225,427","231,406","236,868","240,279","241,629","243,571","240,795","243,722","247,553","249,945","250,740","261,118","265,637","271,211","273,268","274,674","277,760","281,935"
Nordanstig,"165,402","170,192","167,503","168,709","171,293","175,417","181,472","189,362","198,186","202,333","205,837","213,876","217,533","221,865","224,300","227,446","230,169","230,731","234,432","231,795","230,555","235,919","240,770","245,622","255,242","261,662","265,974","265,283","266,384","270,522","274,462"
Ljusdal,"169,631","174,328","171,736","173,417","174,283","180,915","184,212","192,838","201,650","206,417","209,719","214,794","219,224","223,367","226,843","230,009","230,414","230,040","234,628","231,188","230,413","238,126","244,045","247,013","253,617","260,325","262,062","264,917","268,957","272,445","276,899"
Gävle,"195,310","199,443","195,867","195,341","196,581","203,386","207,907","216,009","223,572","227,839","231,254","234,839","238,931","242,904","248,213","252,555","256,452","259,172","265,972","264,276","261,737","265,424","272,379","275,988","285,533","294,343","298,488","300,853","302,636","305,737","309,067"
Sandviken,"187,455","192,500","189,234","191,678","194,350","199,399","203,396","213,886","223,201","227,872","229,924","234,801","241,010","246,942","252,208","255,122","257,529","259,256","261,875","258,587","257,190","261,119","267,019","268,680","273,233","276,942","278,485","280,715","282,821","287,309","291,509"
Söderhamn,"181,867","187,181","183,872","185,139","187,828","193,784","195,648","204,504","214,267","219,018","221,701","222,247","224,937","227,742","229,431","231,126","232,109","233,046","239,841","237,277","236,534","241,880","248,763","251,296","256,073","263,810","268,438","269,803","270,563","276,553","278,737"
Bollnäs,"177,637","183,192","179,497","180,171","182,755","186,730","190,324","198,691","204,891","209,201","211,863","217,241","222,547","226,706","229,848","232,861","235,788","238,813","242,732","239,000","238,825","244,904","249,868","251,602","256,914","263,498","268,696","270,087","271,552","275,366","277,879"
Hudiksvall,"182,018","186,886","183,307","183,081","185,363","190,158","194,195","202,250","211,339","215,663","218,593","223,446","226,781","231,270","235,395","238,482","242,949","244,547","250,182","249,234","248,486","254,486","262,116","264,808","272,629","277,014","283,727","286,563","287,270","293,142","297,090"
VÄSTERNORRLANDS LÄN,"190,779","194,420","191,210","192,010","194,067","199,883","203,913","211,000","219,100","224,311","228,290","233,428","237,522","242,657","247,654","251,028","254,010","255,781","262,034","259,518","257,004","263,204","270,224","274,300","282,565","289,159","292,676","294,894","296,881","302,009","305,079"
Ånge,"174,767","181,567","178,086","179,796","182,033","188,561","192,158","200,305","205,644","210,032","212,599","217,945","221,201","226,437","231,334","232,894","233,620","236,013","241,920","239,380","239,575","246,811","249,918","255,749","262,264","269,823","270,475","273,382","277,134","282,992","282,775"
Timrå,"193,195","196,784","194,314","195,261","198,468","203,714","208,359","214,264","224,986","230,598","234,609","240,281","243,191","247,274","251,841","253,735","256,759","257,861","264,230","261,898","259,442","264,930","271,527","275,645","284,790","291,576","297,268","298,550","300,049","303,491","308,576"
Härnösand,"193,951","197,375","193,750","194,248","195,905","200,863","203,771","211,306","219,284","222,184","227,732","231,519","235,180","239,405","243,538","244,914","247,773","249,114","256,558","251,730","248,986","253,428","257,860","259,344","263,004","270,552","273,129","275,350","275,986","281,132","285,859"
Sundsvall,"200,144","203,137","199,253","199,532","201,359","207,639","211,832","218,743","227,152","233,106","237,476","243,449","247,643","253,099","257,511","261,857","265,079","267,006","273,117","271,578","270,202","276,396","284,515","289,551","298,822","305,678","309,949","313,645","316,526","320,638","322,997"
Kramfors,"173,861","179,203","176,957","178,397","181,484","187,594","191,829","199,953","205,910","210,969","212,708","217,300","222,317","225,842","231,282","234,103","235,124","235,371","239,926","237,150","233,098","239,486","245,555","248,051","255,061","258,546","264,170","263,619","262,054","269,538","274,231"
Sollefteå,"175,220","181,715","179,215","180,243","181,799","186,933","191,477","198,318","204,414","209,185","211,228","215,627","219,898","224,745","228,445","230,912","231,807","232,245","238,011","233,341","230,199","236,916","243,613","245,016","250,672","257,767","261,403","262,352","262,118","269,252","270,914"
Örnsköldsvik,"189,872","193,386","189,940","190,514","192,821","199,290","203,691","210,509","218,236","223,654","227,833","233,018","237,871","243,924","249,432","253,945","257,330","259,753","267,175","263,968","261,607","267,939","274,545","278,539","288,046","294,612","295,341","297,354","299,056","304,161","307,440"
JÄMTLANDS LÄN,"178,694","183,635","180,767","181,512","183,182","187,986","192,453","200,609","207,241","212,395","215,859","221,207","225,310","230,572","234,340","238,270","241,704","242,197","247,261","244,540","242,838","250,081","257,197","261,157","270,598","277,610","281,323","284,814","285,744","291,053","294,876"
Ragunda,"166,761","172,851","170,325","172,842","176,065","180,529","184,870","190,350","199,262","202,328","206,840","208,933","215,169","221,096","223,835","225,123","228,234","229,077","228,668","224,635","221,008","227,239","235,772","241,679","246,078","252,930","255,231","256,332","259,049","267,476","268,117"
Bräcke,"170,236","174,919","170,325","171,871","173,354","177,955","182,811","190,263","196,247","200,296","207,160","213,014","217,986","220,732","226,236","228,345","228,589","228,868","235,395","230,236","225,826","232,049","237,086","240,975","246,782","252,969","256,319","256,595","256,459","267,042","268,935"
Krokom,"174,616","179,203","179,074","179,482","181,809","186,382","192,162","201,117","207,664","212,817","215,856","224,772","226,700","233,942","237,264","242,501","246,528","247,513","254,770","254,261","253,985","263,113","271,532","278,871","287,084","295,566","300,211","305,315","307,334","314,568","319,257"
Strömsund,"166,610","173,146","170,607","171,962","174,009","177,231","181,649","190,410","195,839","198,516","200,437","205,340","209,161","215,299","219,031","223,414","223,414","222,825","226,762","224,886","221,860","229,655","236,230","237,637","246,050","249,078","252,269","255,982","257,719","264,333","265,504"
Åre,"167,063","171,964","170,184","173,613","177,160","179,416","183,562","192,604","196,738","201,317","203,520","209,598","215,220","221,163","228,111","233,573","236,981","235,373","240,325","242,258","240,610","247,264","254,457","255,579","269,595","278,437","285,202","290,581","293,844","294,771","301,568"
Berg,"154,979","160,589","160,447","162,549","164,808","168,832","176,389","185,234","191,992","195,069","197,976","203,393","206,970","212,018","216,430","219,505","224,553","222,909","227,160","220,869","218,355","227,012","233,945","240,656","247,180","254,314","253,528","256,723","257,320","265,584","270,292"
Härjedalen,"165,704","172,112","170,466","173,327","174,740","180,817","184,813","192,166","199,930","202,855","204,337","209,118","213,764","216,529","220,068","221,122","224,548","225,073","230,849","227,207","227,537","235,060","240,435","244,459","257,198","265,499","269,190","267,657","268,931","274,252","277,500"
Östersund,"194,253","197,670","193,750","193,751","193,644","199,518","204,281","212,666","220,404","226,484","229,705","234,666","237,655","242,702","246,151","250,551","255,125","256,382","261,598","258,620","257,062","263,737","270,959","274,111","282,891","289,751","293,954","297,760","296,918","302,568","305,504"
VÄSTERBOTTENS LÄN,"188,815","193,238","189,517","189,810","190,477","195,656","199,446","208,332","216,300","220,858","223,495","227,245","231,065","235,919","240,414","244,923","249,577","252,011","257,160","255,681","254,596","261,551","268,166","272,439","281,736","289,096","291,659","294,212","296,641","300,626","304,229"
Nordmaling,"171,897","176,249","171,877","172,714","174,621","180,691","185,355","195,799","204,205","207,681","211,449","217,748","220,341","222,605","228,580","232,034","236,767","238,170","241,739","242,732","238,510","242,250","248,078","251,799","261,752","269,325","273,777","275,964","277,533","281,422","283,188"
Bjurholm,"159,964","163,987","161,153","162,428","163,011","168,076","172,654","179,362","189,761","190,780","195,075","199,464","204,898","208,006","212,741","212,891","211,071","210,213","219,176","215,522","214,740","219,396","229,163","228,527","239,448","246,045","250,336","249,236","250,582","259,428","261,122"
Vindeln,"165,251","169,453","167,220","167,254","169,766","175,257","179,557","186,064","193,362","199,893","201,013","205,028","211,359","217,616","222,129","225,098","228,546","232,809","234,130","230,674","233,537","242,290","251,513","250,304","257,776","267,025","268,554","270,323","272,793","277,521","279,427"
Robertsfors,"170,387","171,964","172,583","174,735","176,820","182,411","187,667","197,288","203,809","212,480","215,091","218,717","223,968","227,908","234,696","236,491","242,057","243,403","248,366","245,450","243,870","252,121","260,202","264,453","269,666","273,621","276,832","280,575","281,901","289,470","293,598"
Norsjö,"177,033","182,749","180,626","181,258","182,458","187,993","191,642","199,663","205,104","209,522","211,047","216,481","224,598","227,920","232,123","235,540","237,959","237,982","241,878","239,558","237,880","249,128","255,025","258,451","261,934","271,599","269,699","272,891","274,490","281,170","282,982"
Malå,"184,132","189,102","186,553","188,861","189,549","196,486","201,636","210,209","215,692","221,824","225,295","228,860","235,746","239,360","244,785","251,132","253,495","250,964","255,912","253,522","249,916","259,532","266,136","272,031","273,823","283,297","285,127","286,705","286,815","289,773","287,542"
Storuman,"173,257","177,578","175,546","174,516","177,168","181,413","186,088","193,665","198,689","202,678","204,772","208,851","211,872","215,813","218,986","223,988","228,147","227,741","234,494","235,110","232,440","235,207","242,464","244,924","257,259","265,242","268,747","266,093","270,763","271,594","271,962"
Sorsele,"164,193","171,373","171,031","171,962","174,945","179,301","180,223","188,716","196,516","198,516","200,611","202,095","210,534","211,885","215,857","221,215","222,429","223,768","227,944","222,380","220,917","227,121","238,500","243,473","255,245","266,950","266,430","276,617","266,236","270,175","267,856"
Dorotea,"169,631","175,067","169,196","172,689","173,689","178,105","181,532","190,735","194,271","198,948","199,861","205,159","212,289","218,636","220,786","224,881","229,130","228,755","231,716","229,091","225,307","234,520","237,865","243,304","249,369","258,265","256,149","258,957","259,642","263,949","272,119"
Vännäs,"181,564","185,999","184,154","185,831","186,632","193,581","197,592","206,343","214,610","217,588","220,734","225,124","228,413","233,925","239,168","242,790","247,563","250,969","258,300","258,054","256,133","259,887","269,205","273,521","281,831","287,650","288,015","289,336","296,623","301,503","306,357"
Vilhelmina,"175,522","181,715","177,804","176,437","177,997","182,129","184,670","195,455","200,133","203,655","203,578","208,877","212,670","215,472","218,662","223,663","223,981","223,785","229,148","225,994","220,813","230,019","235,340","240,697","249,191","259,086","262,271","265,565","262,488","263,209","262,453"
Åsele,"167,517","173,589","169,761","172,255","172,392","176,723","182,463","189,095","195,112","198,410","199,574","201,189","207,780","208,825","211,334","211,482","214,494","215,549","219,614","219,105","214,807","219,705","228,707","232,609","237,837","242,518","241,261","242,831","247,939","252,552","253,408"
Umeå,"200,597","204,171","199,395","198,951","197,833","203,852","207,248","216,589","225,366","229,174","233,175","236,287","239,485","244,224","248,864","253,638","258,837","261,237","266,749","264,310","263,619","270,459","277,351","282,563","291,438","298,495","300,981","303,402","304,466","308,114","312,176"
Lycksele,"186,851","192,500","188,388","189,551","189,603","195,141","198,133","205,289","214,690","219,073","221,183","224,132","228,749","232,966","236,669","240,805","244,665","247,123","251,410","251,689","250,220","258,832","261,461","265,100","273,194","279,548","279,107","283,527","286,143","291,353","295,393"
Skellefteå,"191,081","195,602","192,480","192,678","193,509","198,714","203,661","212,463","220,063","225,123","226,558","230,354","233,322","238,992","243,959","248,235","253,652","256,319","261,988","261,258","260,468","267,152","273,081","277,160","287,054","294,561","298,485","301,214","305,961","309,069","313,162"
NORRBOTTENS LÄN,"195,914","200,921","197,983","197,843","198,194","203,501","207,520","214,968","221,790","225,530","227,604","231,745","235,081","240,442","244,705","248,964","253,043","255,709","262,096","261,243","260,412","268,776","276,589","282,487","291,071","298,324","299,801","303,486","305,799","310,066","313,832"
Arvidsjaur,"179,299","184,965","182,602","182,547","185,484","190,374","194,365","201,412","207,329","213,988","213,631","219,950","224,894","230,908","233,597","238,760","238,861","242,732","250,435","251,082","248,210","255,118","261,002","266,918","274,841","284,436","281,901","287,875","289,614","292,611","292,809"
Arjeplog,"174,012","180,533","178,227","180,474","182,772","190,304","194,698","199,887","206,883","212,299","213,190","214,368","216,413","220,060","221,732","225,746","227,687","229,440","240,321","239,976","235,881","245,371","251,723","256,841","270,149","281,454","283,325","280,528","279,562","284,836","290,271"
Jokkmokk,"180,356","185,556","184,436","186,252","188,649","193,290","196,279","203,110","208,044","211,430","212,201","215,651","220,560","227,834","230,238","231,851","233,603","234,335","242,840","239,245","236,725","241,170","251,706","257,694","262,347","270,266","272,924","277,469","276,274","284,220","286,340"
Överkalix,"174,616","181,272","178,651","179,769","179,243","182,780","188,180","196,119","201,253","203,418","203,247","207,367","213,146","217,685","218,551","223,501","226,696","226,356","231,396","225,999","224,529","233,952","240,102","243,937","254,020","259,351","259,291","262,765","260,186","267,862","269,400"
Kalix,"190,174","195,159","193,327","193,494","193,711","197,747","201,698","209,353","214,161","219,965","222,656","224,655","229,786","232,907","235,062","240,679","244,012","245,493","251,242","248,924","246,399","254,003","261,592","265,720","273,560","280,075","283,650","287,215","287,936","292,631","293,605"
Övertorneå,"169,782","175,805","174,135","171,625","174,534","177,919","182,676","191,196","196,659","197,752","195,097","202,008","209,572","214,668","218,888","221,580","222,535","225,622","225,692","225,850","226,514","233,085","237,480","237,768","245,520","251,830","252,855","250,854","250,662","256,375","256,344"
Pajala,"166,157","174,919","171,736","172,653","173,561","177,196","179,472","190,258","195,614","196,502","194,674","200,434","207,276","209,779","213,725","217,505","217,706","218,086","224,735","224,411","225,363","236,272","249,498","256,576","249,620","257,752","254,244","258,634","262,218","271,798","274,126"
Gällivare,"203,618","209,194","207,579","208,300","209,700","214,681","218,703","227,122","233,272","237,050","239,370","242,247","245,623","253,004","258,626","263,514","268,089","273,768","279,651","283,243","284,064","292,762","302,818","310,544","321,001","329,308","332,847","338,428","340,380","348,045","356,350"
Älvsbyn,"181,111","186,590","184,578","184,515","187,173","190,213","193,894","201,599","208,293","213,019","215,874","219,132","223,890","228,355","230,287","233,815","235,037","236,477","243,791","238,997","236,621","244,463","251,551","255,634","264,204","273,859","271,165","276,755","278,507","280,914","284,906"
Luleå,"206,639","209,489","205,886","205,125","204,737","211,696","216,184","223,365","230,339","233,435","235,634","240,363","242,347","248,196","252,131","256,389","260,502","263,244","269,223","269,509","268,453","276,378","285,401","291,213","300,853","307,624","309,710","312,553","315,170","319,075","323,441"
Piteå,"196,216","201,216","198,124","197,222","198,172","203,501","207,781","215,506","223,710","228,876","231,139","235,434","238,407","242,922","247,679","252,630","256,766","259,779","267,158","266,541","263,756","271,429","278,431","283,758","293,702","300,905","304,382","307,771","311,512","315,540","319,399"
Boden,"196,972","202,693","199,818","199,732","199,477","206,047","209,977","216,608","224,031","227,339","230,016","232,851","236,773","242,164","245,879","247,543","251,114","254,613","261,807","257,111","255,613","262,511","268,943","275,895","284,453","292,709","294,143","298,513","298,291","302,328","305,388"
Haparanda,"175,824","180,828","177,804","175,035","175,479","179,482","182,033","190,326","196,782","196,595","196,432","202,719","206,921","212,035","215,559","217,849","223,177","218,249","224,018","220,515","225,893","232,889","238,199","239,697","245,408","252,136","250,979","253,223","255,538","258,918","259,667"
Kiruna,"211,322","216,728","214,353","215,250","215,986","222,518","227,446","235,093","238,959","242,774","243,876","250,544","252,759","259,492","267,016","274,763","281,407","285,293","290,146","296,205","300,431","313,904","322,126","328,422","335,618","338,941","338,817","341,084","344,151","352,042","357,836"
